,stationid,sumax,countwx,accx,accz,velx,velz,temperature,humidity,pressure,lightavg,forces,total_disp,ds,Dates
0,10,0.005329648637978682,0.2,0.009611417198611685,0.0966576332429991,0.49993872549019613,0.4059494298463064,0.7310364904375561,0.7712456344586729,0.8978470571835425,1.6276642496154693e-05,0.0,0.0,2018-07-10,2018-06-29
1,10,0.005329648637978682,0.2,0.004878522365961991,0.026799457994579955,0.49993872549019613,0.4059494298463064,0.7310364904375561,0.7712456344586729,0.8978470571835425,1.6276642496154693e-05,0.0,0.0,2018-07-10,2018-06-30
2,10,0.005329648637978682,0.2,0.004878522365961991,0.02679915688045773,0.49993872549019613,0.40594903321764997,0.7310364904375561,0.7712456344586729,0.8978470571835425,1.6276642496154693e-05,0.0,6.624291904255989e-07,2018-07-10,2018-07-01
3,10,0.013028030003947888,0.0,0.004878522365961991,0.02679915688045773,0.49993872549019613,0.4059494298463064,0.320286810029491,0.3823611757857975,0.7580746743618176,0.062465324470812274,0.000508635905636471,6.624291904255989e-07,2018-07-12,2018-07-02
4,10,0.013028030003947888,0.0,0.004878522365961991,0.02679915688045773,0.49993872549019613,0.4059494298463064,0.5557840866421119,0.9742246798603026,0.8957910098381315,0.03239426133450524,0.0018032679003521194,6.624291904255989e-07,2018-07-13,2018-07-03
5,10,0.0138834057112778,0.03333333333333333,0.012766680420378146,0.08401084010840108,0.503921568627451,0.4185093372996199,0.3539061939659354,0.0,0.8936167107818334,0.00755608840547865,0.0010578880888483127,0.006939626709902577,2018-07-15,2018-07-04
6,10,0.013028030003947888,0.0,0.012766680420378146,0.08401084010840108,0.49993872549019613,0.4059494298463064,0.24584741436412805,0.37834691501746215,0.8957437811991115,0.0,0.0020018293444987955,0.006939626709902577,2018-07-16,2018-07-05
7,10,0.014837478615607316,0.03333333333333333,0.016286012475425354,0.06684733514001806,0.5017156862745098,0.4021814576103124,0.5974335607393437,0.8786517753201397,0.8930581744405567,0.0025635391489050026,0.0015051412621490874,0.007481789268971985,2018-07-18,2018-07-06
8,10,0.014837478615607316,0.03333333333333333,0.016286012475425354,0.06594399277326106,0.49993872549019613,0.4057511155180962,0.7655279490002993,0.815325960419092,0.8971643354467601,0.06814737054127298,0.0012227870150045062,0.007463919641660043,2018-07-19,2018-07-07
9,10,0.013028030003947888,0.0,0.016286012475425354,0.06594399277326106,0.49993872549019613,0.4059494298463064,0.7673754646212781,0.8388000582072178,0.8958098598061988,0.04153829011938768,0.0010336131462974297,0.007463919641660043,2018-07-20,2018-07-08
10,10,0.013028030003947888,0.0,0.016286012475425354,0.06594399277326106,0.49993872549019613,0.4059494298463064,0.7217297201513789,0.9169777357392316,0.8953641330567962,0.04526800886252106,0.0013270618007797188,0.007463919641660043,2018-07-21,2018-07-09
11,10,0.013028030003947888,0.0,0.016286012475425354,0.06594399277326106,0.49993872549019613,0.4059494298463064,0.7010345074908972,0.965593131548312,0.8966316932427525,0.028279295759173807,0.0016471243896732624,0.007463919641660043,2018-07-22,2018-07-10
12,10,0.013028030003947888,0.0,0.016286012475425354,0.06594399277326106,0.49993872549019613,0.4059494298463064,0.7001809966205526,0.9131800058207219,0.8963412904638675,0.04043518457481872,0.001394039148781439,0.007463919641660043,2018-07-23,2018-07-11
13,10,0.013028030003947888,0.0,0.016286012475425354,0.06594399277326106,0.49993872549019613,0.4059494298463064,0.6466557815552207,0.980243306169965,0.8975593503536138,0.01831059657218194,0.0014429683298605625,0.007463919641660043,2018-07-24,2018-07-12
14,10,0.013028030003947888,0.0,0.016286012475425354,0.06594399277326106,0.49993872549019613,0.4059494298463064,0.7196421414136298,0.9367325378346915,0.8943055723617865,0.05265226140774921,0.0014881045511661107,0.007463919641660043,2018-07-25,2018-07-13
15,10,0.013028030003947888,0.0,0.016286012475425354,0.06594399277326106,0.49993872549019613,0.4059494298463064,0.6283468553419317,0.989522700814901,0.8936070392189145,0.0010492547425474256,0.0015148133095717047,0.007463919641660043,2018-07-26,2018-07-14
16,10,0.020101329122252928,0.1,0.018308617104762833,0.16230051189400785,0.5030024509803922,0.46941001487357464,0.5608203492517541,0.8889145809080325,0.8956242678555555,0.00019731743939061013,0.000468683396021476,0.05764692785898588,2018-07-28,2018-07-15
17,10,0.013028030003947888,0.0,0.018308617104762833,0.16230051189400785,0.49993872549019613,0.4059494298463064,0.7000573788820399,0.8849125436554133,0.8956521862628539,0.02186076503332601,0.00033596141194444754,0.05764692785898588,2018-07-29,2018-07-16
18,10,0.013028030003947888,0.0,0.018308617104762833,0.16230051189400785,0.49993872549019613,0.4059494298463064,0.7497546630889247,0.7340462747380675,0.8944090718131157,0.021500073243975685,0.00013578795989400196,0.05764692785898588,2018-07-30,2018-07-17
19,10,0.013028030003947888,0.0,0.018308617104762833,0.16230051189400785,0.49993872549019613,0.4059494298463064,0.7052185249408278,0.8886373690337602,0.89338889174392,0.010893675382699773,0.00011559044909971256,0.05764692785898588,2018-07-31,2018-07-18
20,10,0.013028030003947888,0.0,0.018308617104762833,0.16230051189400785,0.49993872549019613,0.4059494298463064,0.6746798806856776,0.8840486030267752,0.8943006833984922,0.011952935252325495,0.00014075041559776321,0.05764692785898588,2018-08-01,2018-07-19
21,10,0.013028030003947888,0.0,0.018308617104762833,0.16230051189400785,0.49993872549019613,0.4059494298463064,0.7234481332877676,0.8802271536670547,0.8965789319197215,0.014789487658390096,0.00011369396921292481,0.05764692785898588,2018-08-02,2018-07-20
22,10,0.013028030003947888,0.0,0.018308617104762833,0.16230051189400785,0.49993872549019613,0.4059494298463064,0.722059648723109,0.9345148428405122,0.8967587554064439,0.010875432139456529,6.72618199847384e-05,0.05764692785898588,2018-08-03,2018-07-21
23,10,0.013028030003947888,0.0,0.018308617104762833,0.16230051189400785,0.49993872549019613,0.4059494298463064,0.6732200944220131,0.9848876600698486,0.8961968035748743,0.005956634073097488,9.833248212994416e-05,0.05764692785898588,2018-08-04,2018-07-22
24,10,0.013028030003947888,0.0,0.018308617104762833,0.16230051189400785,0.49993872549019613,0.4059494298463064,0.5912054206167385,0.989522700814901,0.8956346179101172,0.0012986413242510805,8.578410687903196e-05,0.05764692785898588,2018-08-05,2018-07-23
25,10,0.013028030003947888,0.0,0.018308617104762833,0.16230051189400785,0.49993872549019613,0.4059494298463064,0.5670695845515797,0.989522700814901,0.8951851413037346,0.001363059400864279,0.0001700194218505206,0.05764692785898588,2018-08-06,2018-07-24
26,10,0.013028030003947888,0.0,0.018308617104762833,0.16230051189400785,0.49993872549019613,0.4059494298463064,0.5687162740854186,0.989522700814901,0.8978744746926972,0.0018800227056324618,0.0003136777732746917,0.05764692785898588,2018-08-07,2018-07-25
27,10,0.013028030003947888,0.0,0.018308617104762833,0.16230051189400785,0.49993872549019613,0.4059494298463064,0.6820045481202087,0.976675203725262,0.8994115240397835,0.00598373617519959,0.00031323526130110785,0.05764692785898588,2018-08-08,2018-07-26
28,10,0.013028030003947888,0.0,0.018308617104762833,0.16230051189400785,0.49993872549019613,0.4059494298463064,0.8417861708456212,0.8882664435389988,0.9046131560433119,0.011080440196293855,0.0002765699834898783,0.05764692785898588,2018-08-09,2018-07-27
29,10,0.013028030003947888,0.0,0.018308617104762833,0.16230051189400785,0.49993872549019613,0.4059494298463064,0.6044654271140532,0.989522700814901,0.8994382465972084,0.0,0.0,0.05764692785898588,2018-08-10,2018-07-28
30,10,0.013028030003947888,0.0,0.018308617104762833,0.16230051189400785,0.49993872549019613,0.4059494298463064,0.6199007682863542,0.989522700814901,0.8960567638090755,0.0014429960448253132,0.0,0.05764692785898588,2018-08-11,2018-07-29
31,10,0.013028030003947888,0.0,0.018308617104762833,0.16230051189400785,0.49993872549019613,0.4059494298463064,0.7707452082304942,0.9698349825378346,0.8908007334620754,0.010164754998901342,0.0,0.05764692785898588,2018-08-12,2018-07-30
32,10,0.013028030003947888,0.0,0.018308617104762833,0.16230051189400785,0.49993872549019613,0.4059494298463064,0.5960273562258196,0.989522700814901,0.893987600175547,0.00485869222881418,0.0,0.05764692785898588,2018-08-13,2018-07-31
33,10,0.013028030003947888,0.0,0.018308617104762833,0.16230051189400785,0.49993872549019613,0.4059494298463064,0.8449504474287087,0.8963911525029102,0.8943154317711118,0.013669156961839889,0.0003160799811312895,0.05764692785898588,2018-08-14,2018-08-01
34,10,0.013028030003947888,0.0,0.018308617104762833,0.16230051189400785,0.49993872549019613,0.4059494298463064,0.7493614489855329,0.8920697031431899,0.8994155337294936,0.004454379989745843,9.57722342827807e-05,0.05764692785898588,2018-08-15,2018-08-02
35,10,0.013028030003947888,0.0,0.018308617104762833,0.16230051189400785,0.49993872549019613,0.4059494298463064,0.7319064555461331,0.946167345750873,0.9034480417275652,0.005138026441075221,5.866444449796732e-05,0.05764692785898588,2018-08-16,2018-08-03
36,10,0.013028030003947888,0.0,0.018308617104762833,0.16230051189400785,0.49993872549019613,0.4059494298463064,0.6858628560338537,0.9824672584400467,0.8988652702108599,0.0014763476891525673,6.384815618852047e-06,0.05764692785898588,2018-08-17,2018-08-04
37,10,0.013028030003947888,0.0,0.018308617104762833,0.16230051189400785,0.49993872549019613,0.4059494298463064,0.5761080241835111,0.989522700814901,0.8981694314964613,0.0009002398740203618,0.0,0.05764692785898588,2018-08-18,2018-08-05
38,10,0.013028030003947888,0.0,0.018308617104762833,0.16230051189400785,0.49993872549019613,0.4059494298463064,0.7621240312039862,0.9665461292200233,0.8971822585822463,0.008270305061158719,2.493871051125874e-05,0.05764692785898588,2018-08-19,2018-08-06
39,10,0.013028030003947888,0.0,0.018308617104762833,0.16230051189400785,0.49993872549019613,0.4059494298463064,0.7487163584661274,0.9685957508731082,0.9000554843105871,0.004413647183769135,0.00012943475227326302,0.05764692785898588,2018-08-20,2018-08-07
40,10,0.015396762731938412,0.03333333333333333,0.01834906919734958,0.15989159891598917,0.49995915032679744,0.40542059163774585,0.630834398639783,0.9893827124563447,0.8998816028902731,0.0015037903757415952,5.167907691496582e-05,0.05744535359259308,2018-08-21,2018-08-08
41,10,0.013028030003947888,0.0,0.01834906919734958,0.15989159891598917,0.49993872549019613,0.4059494298463064,0.5843748022327135,0.989522700814901,0.8998969222602,0.0,1.5045407101849379e-05,0.05744535359259308,2018-08-22,2018-08-09
42,10,0.013028030003947888,0.0,0.01834906919734958,0.15989159891598917,0.49993872549019613,0.4059494298463064,0.6697925500272128,0.989522700814901,0.8970850719089732,0.002483501794477404,8.15802431299858e-05,0.05744535359259308,2018-08-23,2018-08-10
43,10,0.013028030003947888,0.0,0.01834906919734958,0.15989159891598917,0.49993872549019613,0.4059494298463064,0.7363710388530972,0.9696184516880094,0.8966529624630446,0.001769852779608877,4.358742939800482e-05,0.05744535359259308,2018-08-24,2018-08-11
44,10,0.013028030003947888,0.0,0.01834906919734958,0.15989159891598917,0.49993872549019613,0.4059494298463064,0.6651545643634952,0.9833661233993015,0.895476152244707,0.056659003515710835,0.0,0.05744535359259308,2018-08-25,2018-08-12
45,10,0.013028030003947888,0.0,0.01834906919734958,0.15989159891598917,0.49993872549019613,0.4059494298463064,0.6725800667451407,0.9660293946449361,0.8966717366321162,0.08874301801801801,0.0,0.05744535359259308,2018-08-26,2018-08-13
46,10,0.013028030003947888,0.0,0.01834906919734958,0.15989159891598917,0.49993872549019613,0.4059494298463064,0.7307192189721586,0.9143566647264262,0.8992807716832821,0.07089700249029517,0.0,0.05744535359259308,2018-08-27,2018-08-14
47,10,0.016186340307935254,0.03333333333333333,0.021261619863595545,0.07136404697380307,0.5014093137254902,0.3865146256817055,0.7517966762438769,0.9122596041909196,0.9011201839276339,0.005271387240899436,0.0,0.05249972559940761,2018-08-28,2018-08-15
48,10,0.013028030003947888,0.0,0.021261619863595545,0.07136404697380307,0.49993872549019613,0.4059494298463064,0.6962914678446211,0.9573620488940628,0.9025523094934195,0.0055814674430528085,0.0,0.05249972559940761,2018-08-29,2018-08-16
49,10,0.013028030003947888,0.0,0.021261619863595545,0.07136404697380307,0.49993872549019613,0.4059494298463064,0.6782226047481024,0.9783210128055879,0.8983600998294163,0.004778378378378378,0.0,0.05249972559940761,2018-08-30,2018-08-17
50,10,0.016087643110935648,0.03333333333333333,0.020897551030314796,0.05871725383920507,0.49975490196078437,0.40317302925136345,0.7033233342193307,0.9773962456344586,0.8993755516913841,0.006511711711711711,0.0,0.05161559968429865,2018-08-31,2018-08-18
51,10,0.028424792735886304,0.16666666666666666,0.02097036479697095,0.06142728093947607,0.5001225490196078,0.4089241447694596,0.6914032933790676,0.9670336146682188,0.9016881091747194,0.0066764850216069725,0.0,0.05721641177489769,2018-09-01,2018-08-19
52,10,0.013028030003947888,0.0,0.02097036479697095,0.06142728093947607,0.49993872549019613,0.4059494298463064,0.6198075276030394,0.989522700814901,0.9016974520564782,0.002172350399179667,0.0,0.05721641177489769,2018-09-02,2018-08-20
53,10,0.013028030003947888,0.0,0.02097036479697095,0.06142728093947607,0.49993872549019613,0.4059494298463064,0.5895747634175874,0.989522700814901,0.9017302848001703,0.007865110232183403,0.0,0.05721641177489769,2018-09-03,2018-08-21
54,10,0.015791551519936834,0.03333333333333333,0.019805344530472564,0.05781391147244807,0.4993504901960785,0.4051561725334656,0.7236991658966927,0.9563066065192083,0.9026272508864127,0.007213337727971874,0.0,0.05673870194823367,2018-09-04,2018-08-22
55,10,0.013028030003947888,0.0,0.019805344530472564,0.05781391147244807,0.49993872549019613,0.4059494298463064,0.681914682665249,0.9727881257275901,0.9015076787979001,0.004744248516809492,0.0,0.05673870194823367,2018-09-05,2018-08-23
56,10,0.025661271219897357,0.26666666666666666,0.015436518531103614,0.0921409214092141,0.48229166666666673,0.4662369856222112,0.7442787769860055,0.9001936845168802,0.9015237774556064,0.004848135940818867,0.0,0.3137097497147153,2018-09-06,2018-08-24
57,10,0.013028030003947888,0.0,0.015436518531103614,0.0921409214092141,0.49993872549019613,0.4059494298463064,0.4215331130996831,0.411227299185099,0.905485247900118,0.005070187870797627,0.0,0.3137097497147153,2018-09-07,2018-08-25
58,10,0.013028030003947888,0.0,0.015436518531103614,0.0921409214092141,0.49993872549019613,0.4059494298463064,0.7094924078457182,0.8510225552968568,0.9061101129322244,0.004710600234380722,0.0,0.3137097497147153,2018-09-08,2018-08-26
59,10,0.013028030003947888,0.0,0.015436518531103614,0.0921409214092141,0.49993872549019613,0.4059494298463064,0.712185418169698,0.9103649592549478,0.9077931785862545,0.004710600234380722,0.0,0.3137097497147153,2018-09-09,2018-08-27
60,10,0.013028030003947888,0.0,0.015436518531103614,0.0921409214092141,0.49993872549019613,0.4059494298463064,0.6708928744710384,0.854944266589057,0.9088726207341096,0.004710600234380722,0.0,0.3137097497147153,2018-09-10,2018-08-28
61,10,0.013028030003947888,0.0,0.015436518531103614,0.0921409214092141,0.49993872549019613,0.4059494298463064,0.5437598356263791,0.6859238940628638,0.9072084601429279,0.004778378378378378,0.0,0.3137097497147153,2018-09-11,2018-08-29
62,10,0.013028030003947888,0.0,0.015436518531103614,0.0921409214092141,0.49993872549019613,0.4059494298463064,0.5797013766712653,0.629840075669383,0.9019822506168008,0.005526336702556215,0.0,0.3137097497147153,2018-09-12,2018-08-30
63,10,0.013028030003947888,0.0,0.015436518531103614,0.0921409214092141,0.49993872549019613,0.4059494298463064,0.5757401242927842,0.8247054714784634,0.9017304777382728,0.004710600234380722,0.0,0.3137097497147153,2018-09-13,2018-08-31
64,10,0.015100671140939598,0.03333333333333333,0.017256862697507345,0.011743450767841022,0.500857843137255,0.3882994546355974,0.6466557815552207,0.7841053550640279,0.906268279014105,0.005148795136600015,0.0,0.31038936363354586,2018-09-14,2018-09-01
65,10,0.013028030003947888,0.0,0.017256862697507345,0.011743450767841022,0.49993872549019613,0.4059494298463064,0.4250079106914576,0.49435142607683347,0.9092562631239659,0.004677428037793891,0.0,0.31038936363354586,2018-09-15,2018-09-02
66,10,0.013028030003947888,0.0,0.017256862697507345,0.011743450767841022,0.49993872549019613,0.4059494298463064,0.7044055168107466,0.6531798603026776,0.9069721737087262,0.004710600234380722,0.0,0.31038936363354586,2018-09-16,2018-09-03
67,10,0.013028030003947888,0.0,0.017256862697507345,0.011743450767841022,0.49993872549019613,0.4059494298463064,0.694043565759996,0.5573974097788126,0.9053500845964357,0.004813004467882517,0.0,0.31038936363354586,2018-09-17,2018-09-04
68,10,0.013028030003947888,0.0,0.017256862697507345,0.011743450767841022,0.49993872549019613,0.4059494298463064,0.6837592449614169,0.6290301222351572,0.9054985723105428,0.004710600234380722,0.0,0.31038936363354586,2018-09-18,2018-09-05
69,10,0.013028030003947888,0.0,0.017256862697507345,0.011743450767841022,0.49993872549019613,0.4059494298463064,0.7126929681336251,0.6237240977881257,0.9056062819623388,0.004813004467882517,0.0,0.31038936363354586,2018-09-19,2018-09-06
70,10,0.013587314120278984,0.06666666666666667,0.010642945559573796,0.13640469738030714,0.4932598039215687,0.4606841844323252,0.6891634074617861,0.6181781140861468,0.907148082490827,0.0049939445543104085,0.0003018247739822683,0.33370131035279416,2018-09-20,2018-09-07
71,10,0.013028030003947888,0.0,0.010642945559573796,0.13640469738030714,0.49993872549019613,0.4059494298463064,0.6298543167061146,0.7366046274738068,0.9119879976768646,0.05453256976488684,0.0004866999549459595,0.33370131035279416,2018-09-21,2018-09-08
72,10,0.013028030003947888,0.0,0.010642945559573796,0.13640469738030714,0.49993872549019613,0.4059494298463064,0.42700478016715815,0.989522700814901,0.9130113447495132,0.0635276331209258,0.0007722782178980795,0.33370131035279416,2018-09-22,2018-09-09
73,10,0.013028030003947888,0.0,0.010642945559573796,0.13640469738030714,0.49993872549019613,0.4059494298463064,0.4341699680619017,0.989522700814901,0.9106746405344579,0.05601982165091921,0.0009913532528201764,0.33370131035279416,2018-09-23,2018-09-10
74,10,0.013028030003947888,0.0,0.010642945559573796,0.13640469738030714,0.49993872549019613,0.4059494298463064,0.38929461946409805,0.989522700814901,0.9080076976779882,0.04401557533142899,0.0016413717340166732,0.33370131035279416,2018-09-24,2018-09-11
75,10,0.013028030003947888,0.0,0.010642945559573796,0.13640469738030714,0.49993872549019613,0.4059494298463064,0.5951232169301454,0.8980542782305007,0.9079096215821683,0.04401557533142899,0.0017406840640881243,0.33370131035279416,2018-09-25,2018-09-12
76,10,0.013028030003947888,0.0,0.010642945559573796,0.13640469738030714,0.49993872549019613,0.4059494298463064,0.6736698436003561,0.7717690628637952,0.907253433915593,0.04433223284259869,0.001273423027981739,0.33370131035279416,2018-09-26,2018-09-13
77,10,0.013028030003947888,0.0,0.010642945559573796,0.13640469738030714,0.49993872549019613,0.4059494298463064,0.6451048641259635,0.8132961292200233,0.9091775718896208,0.04531014978393027,0.0010109818196484294,0.33370131035279416,2018-09-27,2018-09-14
78,10,0.013028030003947888,0.0,0.010642945559573796,0.13640469738030714,0.49993872549019613,0.4059494298463064,0.57313276038832,0.8981459545983702,0.9109656665634092,0.04531014978393027,0.0008180782071640034,0.33370131035279416,2018-09-28,2018-09-15
79,10,0.013028030003947888,0.0,0.010642945559573796,0.13640469738030714,0.49993872549019613,0.4059494298463064,0.6488762599094595,0.7276996507566938,0.9126681377793651,0.04633218340291511,0.000632159962262579,0.33370131035279416,2018-09-29,2018-09-16
80,10,0.013028030003947888,0.0,0.010642945559573796,0.13640469738030714,0.49993872549019613,0.4059494298463064,0.6500934516350871,0.6853361466821886,0.9104747458206384,0.045645781147000665,0.000632159962262579,0.33370131035279416,2018-09-30,2018-09-17
81,10,0.013028030003947888,0.0,0.010642945559573796,0.13640469738030714,0.49993872549019613,0.4059494298463064,0.6338425709114383,0.5251584691501747,0.9105724379991916,0.045645781147000665,0.0005549100148740917,0.33370131035279416,2018-10-01,2018-09-18
82,10,0.013028030003947888,0.0,0.010642945559573796,0.13640469738030714,0.49993872549019613,0.4059494298463064,0.6479248674168112,0.4082163853317812,0.9123931961720321,0.04633218340291511,0.000499058682208193,0.33370131035279416,2018-10-02,2018-09-19
83,10,0.013028030003947888,0.0,0.010642945559573796,0.13640469738030714,0.49993872549019613,0.4059494298463064,0.6463385100898232,0.4284576542491269,0.911146306606126,0.04633218340291511,0.0005133454973553272,0.33370131035279416,2018-10-03,2018-09-20
84,10,0.013028030003947888,0.0,0.010642945559573796,0.13640469738030714,0.49993872549019613,0.4059494298463064,0.5942190776344711,0.3996549767171129,0.9138975032650571,0.04401557533142899,0.0004989638582138536,0.33370131035279416,2018-10-04,2018-09-21
85,10,0.013028030003947888,0.0,0.010642945559573796,0.13640469738030714,0.49993872549019613,0.4059494298463064,0.6166065454115879,0.29930660651920843,0.9156950798819354,0.04433223284259869,0.0004616032044441351,0.33370131035279416,2018-10-05,2018-09-22
86,10,0.013028030003947888,0.0,0.010642945559573796,0.13640469738030714,0.49993872549019613,0.4059494298463064,0.634818011906118,0.21147220605355066,0.9137859891239725,0.04433223284259869,0.000534364816100558,0.33370131035279416,2018-10-06,2018-09-23
87,10,0.013028030003947888,0.0,0.010642945559573796,0.13640469738030714,0.49993872549019613,0.4059494298463064,0.6047755262191957,0.28964508149010476,0.9127264397040505,0.04531014978393027,0.0005275690965062353,0.33370131035279416,2018-10-07,2018-09-24
88,10,0.013028030003947888,0.0,0.010642945559573796,0.13640469738030714,0.49993872549019613,0.4059494298463064,0.5885676796570768,0.403654394644936,0.9102746902561047,0.04465348091994433,0.00048097890728748317,0.33370131035279416,2018-10-08,2018-09-25
89,10,0.013028030003947888,0.0,0.010642945559573796,0.13640469738030714,0.49993872549019613,0.4059494298463064,0.6147117765936351,0.26349155995343426,0.9106993796108879,0.04401557533142899,0.00046283591637054713,0.33370131035279416,2018-10-09,2018-09-26
90,10,0.013028030003947888,0.0,0.010642945559573796,0.13640469738030714,0.49993872549019613,0.4059494298463064,0.618631682424764,0.24663722351571593,0.9114070495647721,0.044979420273932466,0.00043144917424421013,0.33370131035279416,2018-10-10,2018-09-27
91,10,0.013028030003947888,0.0,0.010642945559573796,0.13640469738030714,0.49993872549019613,0.4059494298463064,0.4860894182372026,0.5752673166472643,0.9128576019597071,0.04433223284259869,0.00041159935142916513,0.33370131035279416,2018-10-11,2018-09-28
92,10,0.013028030003947888,0.0,0.010642945559573796,0.13640469738030714,0.49993872549019613,0.4059494298463064,0.5111711620489324,0.51054292782305,0.9146393863358562,0.04339563649014869,0.0004384977578234379,0.33370131035279416,2018-10-12,2018-09-29
93,10,0.013028030003947888,0.0,0.010642945559573796,0.13640469738030714,0.49993872549019613,0.4059494298463064,0.44079090038435415,0.33675552968568107,0.9141682661916187,0.043703407675968656,0.0004886912588270867,0.33370131035279416,2018-10-13,2018-09-30
94,10,0.013028030003947888,0.0,0.010642945559573796,0.13640469738030714,0.49993872549019613,0.4059494298463064,0.5152627826226367,0.48873268335273584,0.9126065666867456,0.04401557533142899,0.0005441000795194016,0.33370131035279416,2018-10-14,2018-10-01
95,10,0.013028030003947888,0.0,0.010642945559573796,0.13640469738030714,0.49993872549019613,0.4059494298463064,0.5225127731298069,0.41844295692665895,0.9138067550751198,0.04433223284259869,0.0005321206482345258,0.33370131035279416,2018-10-15,2018-10-02
96,10,0.013028030003947888,0.0,0.010642945559573796,0.13640469738030714,0.49993872549019613,0.4059494298463064,0.5432894131743601,0.26411525029103605,0.9146125133155393,0.04401557533142899,0.0005508957991137244,0.33370131035279416,2018-10-16,2018-10-03
97,10,0.013028030003947888,0.0,0.010642945559573796,0.13640469738030714,0.49993872549019613,0.4059494298463064,0.6092873627231342,0.1084109429569267,0.9127499787711117,0.04401557533142899,0.000580228021362708,0.33370131035279416,2018-10-17,2018-10-04
98,10,0.013028030003947888,0.0,0.010642945559573796,0.13640469738030714,0.49993872549019613,0.4059494298463064,0.5900084802612426,0.17187412689173462,0.9122246989644194,0.04309217205009888,0.0006299474023946599,0.33370131035279416,2018-10-18,2018-10-05
99,10,0.013028030003947888,0.0,0.010642945559573796,0.13640469738030714,0.49993872549019613,0.4059494298463064,0.5927955750756262,0.14386670547147842,0.9141128463830897,0.043703407675968656,0.000632159962262579,0.33370131035279416,2018-10-19,2018-10-06
100,10,0.013028030003947888,0.0,0.010642945559573796,0.13640469738030714,0.49993872549019613,0.4059494298463064,0.5392070744786327,0.1937798311990687,0.9171343553361765,0.04433223284259869,0.000632159962262579,0.33370131035279416,2018-10-20,2018-10-07
101,10,0.013028030003947888,0.0,0.010642945559573796,0.13640469738030714,0.49993872549019613,0.4059494298463064,0.5097582070786977,0.28442156577415606,0.9176003998262092,0.04309217205009888,0.000632159962262579,0.33370131035279416,2018-10-21,2018-10-08
102,10,0.013028030003947888,0.0,0.010642945559573796,0.13640469738030714,0.49993872549019613,0.4059494298463064,0.49883976525286783,0.2165225552968568,0.9146014455112115,0.043703407675968656,0.000632159962262579,0.33370131035279416,2018-10-22,2018-10-09
103,10,0.013028030003947888,0.0,0.010642945559573796,0.13640469738030714,0.49993872549019613,0.4059494298463064,0.5117065576467907,0.1440731955762514,0.9145150358505967,0.043703407675968656,0.000632159962262579,0.33370131035279416,2018-10-23,2018-10-10
104,10,0.013028030003947888,0.0,0.010642945559573796,0.13640469738030714,0.49993872549019613,0.4059494298463064,0.3661215672872868,0.10588067520372525,0.9152612535281053,0.045986420566908374,0.000632159962262579,0.33370131035279416,2018-10-24,2018-10-11
105,10,0.013028030003947888,0.0,0.010642945559573796,0.13640469738030714,0.49993872549019613,0.4059494298463064,0.491561507208222,0.25434909778812576,0.9172464383092395,0.04339563649014869,0.000632159962262579,0.33370131035279416,2018-10-25,2018-10-12
106,10,0.013028030003947888,0.0,0.010642945559573796,0.13640469738030714,0.49993872549019613,0.4059494298463064,0.49808540171545984,0.2614128346915017,0.9199855114150982,0.04401557533142899,0.000632159962262579,0.33370131035279416,2018-10-26,2018-10-13
107,10,0.013028030003947888,0.0,0.010642945559573796,0.13640469738030714,0.49993872549019613,0.4059494298463064,0.48006590133363697,0.32484764260768334,0.9202888759160391,0.04531014978393027,0.000632159962262579,0.33370131035279416,2018-10-27,2018-10-14
108,10,0.013028030003947888,0.0,0.010642945559573796,0.13640469738030714,0.49993872549019613,0.4059494298463064,0.5200847182317179,0.32254758440046566,0.9197572900061589,0.04433223284259869,0.000632159962262579,0.33370131035279416,2018-10-28,2018-10-15
109,10,0.013028030003947888,0.0,0.010642945559573796,0.13640469738030714,0.49993872549019613,0.4059494298463064,0.5336459638597423,0.35392069266589055,0.9183630981366242,0.04401557533142899,0.000632159962262579,0.33370131035279416,2018-10-29,2018-10-16
110,10,0.013028030003947888,0.0,0.010642945559573796,0.13640469738030714,0.49993872549019613,0.4059494298463064,0.5038114766202151,0.5052594586728754,0.917860301519968,0.04401557533142899,0.000632159962262579,0.33370131035279416,2018-10-30,2018-10-17
111,10,0.013028030003947888,0.0,0.010642945559573796,0.13640469738030714,0.49993872549019613,0.4059494298463064,0.5470743098712773,0.4401920838183935,0.9197193450726684,0.04531014978393027,0.000632159962262579,0.33370131035279416,2018-10-31,2018-10-18
112,10,0.013028030003947888,0.0,0.010642945559573796,0.13640469738030714,0.49993872549019613,0.4059494298463064,0.4800819336683248,0.4760056752037252,0.9177051483174117,0.045645781147000665,0.000632159962262579,0.33370131035279416,2018-11-01,2018-10-19
113,10,0.013028030003947888,0.0,0.010642945559573796,0.13640469738030714,0.49993872549019613,0.4059494298463064,0.344856362938305,0.45875363795110596,0.9163005526116851,0.044979420273932466,0.0006275451945380621,0.33370131035279416,2018-11-02,2018-10-20
114,10,0.013028030003947888,0.0,0.010642945559573796,0.13640469738030714,0.49993872549019613,0.4059494298463064,0.2531847389049915,0.7044970896391152,0.9139447724136989,0.04465348091994433,0.0003572968106708096,0.33370131035279416,2018-11-03,2018-10-21
115,10,0.013028030003947888,0.0,0.010642945559573796,0.13640469738030714,0.49993872549019613,0.4059494298463064,0.25476097054691355,0.6619022118742723,0.9141471528216264,0.04339563649014869,0.00034500129940480244,0.33370131035279416,2018-11-04,2018-10-22
116,10,0.013028030003947888,0.0,0.010642945559573796,0.13640469738030714,0.49993872549019613,0.4059494298463064,0.3651857852257816,0.43977633876600697,0.9135837964498473,0.04401557533142899,0.0004492760851800148,0.33370131035279416,2018-11-05,2018-10-23
117,10,0.013028030003947888,0.0,0.010642945559573796,0.13640469738030714,0.49993872549019613,0.4059494298463064,0.3893245746157513,0.34686961583236325,0.9137661898257685,0.043703407675968656,0.0005514647430797607,0.33370131035279416,2018-11-06,2018-10-24
118,10,0.013028030003947888,0.0,0.010642945559573796,0.13640469738030714,0.49993872549019613,0.4059494298463064,0.4116377873690517,0.3693288707799767,0.9140183388036383,0.04339563649014869,0.0006187897790607253,0.33370131035279416,2018-11-07,2018-10-25
119,10,0.013028030003947888,0.0,0.010642945559573796,0.13640469738030714,0.49993872549019613,0.4059494298463064,0.37091186013053684,0.4689838474970896,0.9156855409840795,0.04401557533142899,0.000632159962262579,0.33370131035279416,2018-11-08,2018-10-26
120,10,0.013028030003947888,0.0,0.010642945559573796,0.13640469738030714,0.49993872549019613,0.4059494298463064,0.37717248682606186,0.4693469150174622,0.9127211019058695,0.04339563649014869,0.000632159962262579,0.33370131035279416,2018-11-09,2018-10-27
121,10,0.013028030003947888,0.0,0.010642945559573796,0.13640469738030714,0.49993872549019613,0.4059494298463064,0.3944051370975567,0.4630957508731083,0.9141791597920846,0.04339563649014869,0.000632159962262579,0.33370131035279416,2018-11-10,2018-10-28
122,10,0.013028030003947888,0.0,0.010642945559573796,0.13640469738030714,0.49993872549019613,0.4059494298463064,0.3387560595896566,0.3865,0.9158737259723517,0.14686170255621475,0.000632159962262579,0.33370131035279416,2018-11-11,2018-10-29
123,10,0.013028030003947888,0.0,0.010642945559573796,0.13640469738030714,0.49993872549019613,0.4059494298463064,0.43479987005370835,0.2551762223515716,0.9134489275794073,0.056517274591664834,0.000632159962262579,0.33370131035279416,2018-11-12,2018-10-30
124,10,0.013028030003947888,0.0,0.010642945559573796,0.13640469738030714,0.49993872549019613,0.4059494298463064,0.30554212495939176,0.378759749708964,0.9100192452620733,0.04660511609170146,0.0005873398209381622,0.33370131035279416,2018-11-13,2018-10-31
125,10,0.013028030003947888,0.0,0.010642945559573796,0.13640469738030714,0.49993872549019613,0.4059494298463064,0.33022812324646333,0.4979445576251455,0.9106030406352413,0.051338447593935396,0.00043707539790834704,0.33370131035279416,2018-11-14,2018-11-01
126,10,0.013028030003947888,0.0,0.010642945559573796,0.13640469738030714,0.49993872549019613,0.4059494298463064,0.25662283088840226,0.6909489231664727,0.9150989479361209,0.047275692155570204,0.0004638789803082804,0.33370131035279416,2018-11-15,2018-11-02
127,10,0.013028030003947888,0.0,0.010642945559573796,0.13640469738030714,0.49993872549019613,0.4059494298463064,0.28758886343404166,0.5519365541327125,0.9112652861404062,0.04660511609170146,0.0005268105045515202,0.33370131035279416,2018-11-16,2018-11-03
128,10,0.013028030003947888,0.0,0.010642945559573796,0.13640469738030714,0.49993872549019613,0.4059494298463064,0.2751376460313643,0.5712891443538999,0.9085844051825951,0.047275692155570204,0.0005002597861364918,0.33370131035279416,2018-11-17,2018-11-04
129,10,0.013028030003947888,0.0,0.010642945559573796,0.13640469738030714,0.49993872549019613,0.4059494298463064,0.35910320182599853,0.3709161816065192,0.9120755463611859,0.04660511609170146,0.0005155896652213593,0.33370131035279416,2018-11-18,2018-11-05
130,10,0.013028030003947888,0.0,0.010642945559573796,0.13640469738030714,0.49993872549019613,0.4059494298463064,0.23188282894764597,0.06466327124563448,0.9173914242701997,0.046276909836665936,0.0005742857177174398,0.33370131035279416,2018-11-19,2018-11-06
131,10,0.013028030003947888,0.0,0.010642945559573796,0.13640469738030714,0.49993872549019613,0.4059494298463064,0.18645183338185223,0.046648282887077966,0.9177114015819672,0.04660511609170146,0.0005962848844041776,0.33370131035279416,2018-11-20,2018-11-07
132,10,0.013028030003947888,0.0,0.010642945559573796,0.13640469738030714,0.49993872549019613,0.4059494298463064,0.37913771353593134,0.40303114086146685,0.9164924422653864,0.048676453892917304,0.0005736219497570641,0.33370131035279416,2018-11-21,2018-11-08
133,10,0.013028030003947888,0.0,0.010642945559573796,0.13640469738030714,0.49993872549019613,0.4059494298463064,0.33127528784369314,0.4680314318975553,0.9176053122342512,0.04660511609170146,0.0005604098065457762,0.33370131035279416,2018-11-22,2018-11-09
134,10,0.013028030003947888,0.0,0.010642945559573796,0.13640469738030714,0.49993872549019613,0.4059494298463064,0.3435433991080959,0.4105467112922002,0.9205129294531016,0.04660511609170146,0.0005155896652213593,0.33370131035279416,2018-11-23,2018-11-10
135,10,0.013028030003947888,0.0,0.010642945559573796,0.13640469738030714,0.49993872549019613,0.4059494298463064,0.3760346129667835,0.34394222933643775,0.9164588727082639,0.04693800996118069,0.0004989638582138536,0.33370131035279416,2018-11-24,2018-11-11
136,10,0.013028030003947888,0.0,0.010642945559573796,0.13640469738030714,0.49993872549019613,0.4059494298463064,0.4314849739052657,0.2678987194412107,0.9164506484410067,0.06566194243023511,0.00046463757226299546,0.33370131035279416,2018-11-25,2018-11-12
137,10,0.013104669438799753,5.357314389066119e-16,0.010642945559573796,0.13640469738030714,0.49983886742037936,0.40703605436489876,0.38121729845311536,0.33917121975933934,0.9085871180210537,0.05813474527640948,0.0004934985439733008,0.33370131035279416,,2018-11-13
138,10,0.013120184713642083,5.039240789330088e-16,0.010642945559573796,0.13640469738030714,0.49983886742037936,0.40703605436489876,0.3622563437667856,0.35357802872645877,0.9119057228491836,0.05482837969091655,0.0004883504362723461,0.33370131035279416,,2018-11-14
139,10,0.013130967078758441,4.740051803693897e-16,0.010642945559573796,0.13640469738030714,0.49983886742037936,0.40703605436489876,0.35501766978317006,0.3672669858353593,0.9090759473015013,0.053376039176708565,0.00047626331076220345,0.33370131035279416,,2018-11-15
140,10,0.013138460300675803,4.45862621791658e-16,0.010642945559573796,0.13640469738030714,0.49983886742037936,0.40703605436489876,0.3521682638996344,0.38027385967931693,0.9070970843279491,0.0527380900707583,0.0004813628514093756,0.33370131035279416,,2018-11-16
141,10,0.013143667727255864,4.1939093863069665e-16,0.010642945559573796,0.13640469738030714,0.49983886742037936,0.40703605436489876,0.3509624221623593,0.39263263660050607,0.9096740320262897,0.05245786717688367,0.000478418473773806,0.33370131035279416,,2018-11-17
142,10,0.013147286636703066,3.9449092794265634e-16,0.010642945559573796,0.13640469738030714,0.49983886742037936,0.40703605436489876,0.3503720690904245,0.40437560949469414,0.9135978891954868,0.05233477762394119,0.00046714484641452176,0.33370131035279416,,2018-11-18
143,10,0.013149801603623041,3.710692766447565e-16,0.010642945559573796,0.13640469738030714,0.49983886742037936,0.40703605436489876,0.3500122617664395,0.41553346219104065,0.9138340769504069,0.05228070981444109,0.00046291951273543625,0.33370131035279416,,2018-11-19
144,10,0.013151549383914548,3.49038211823411e-16,0.010642945559573796,0.13640469738030714,0.49983886742037936,0.40703605436489876,0.34973886574867474,0.42613534962748223,0.9129343154556564,0.0522569602113736,0.0004672723349307011,0.33370131035279416,,2018-11-20
145,10,0.013152764006629111,3.283151718042023e-16,0.010642945559573796,0.13640469738030714,0.49983886742037936,0.40703605436489876,0.349497912643977,0.4362089740311977,0.9137557682580826,0.05224652805865503,0.00046980996349084154,0.33370131035279416,,2018-11-21
146,10,0.013153608110631144,3.088224967510364e-16,0.010642945559573796,0.13640469738030714,0.49983886742037936,0.40703605436489876,0.34926919498184705,0.4457806573032087,0.9159019941242036,0.05224194567426595,0.000478418473773806,0.33370131035279416,,2018-11-22
147,10,0.013154194722060112,2.9048713763499356e-16,0.010642945559573796,0.13640469738030714,0.49983886742037936,0.40703605436489876,0.3490451464124561,0.45487540979625424,0.9129095364540246,0.052239932834993376,0.0004816117575600114,0.33370131035279416,,2018-11-23
148,10,0.013154602388612774,2.732403824822341e-16,0.010642945559573796,0.13640469738030714,0.49983886742037936,0.40703605436489876,0.3488229338077,0.46351699566565163,0.9129034658010504,0.05223904868351389,0.0004882047351109983,0.33370131035279416,,2018-11-24
149,10,0.013154885697136869,2.5701759887506854e-16,0.010642945559573796,0.13640469738030714,0.49983886742037936,0.40703605436489876,0.3486014963022953,0.4717279949639032,0.9070990867800026,0.05223866031478056,0.0004826614689720948,0.33370131035279416,,2018-11-25
150,10,0.013155082582849718,2.417579917412122e-16,0.010642945559573796,0.13640469738030714,0.49983886742037936,0.40703605436489876,0.3483804366203255,0.47952986264129854,0.9095486786572933,0.05223848972153209,0.0004836502551912345,0.33370131035279416,,2018-11-26
151,10,0.01315521940889139,2.274043755235376e-16,0.010642945559573796,0.13640469738030714,0.49983886742037936,0.40703605436489876,0.34815960595403705,0.4869429846066783,0.907459910769836,0.05223841478744516,0.0004859718039675401,0.33370131035279416,,2018-11-27
152,10,0.013155314496368328,2.1390295987652635e-16,0.010642945559573796,0.13640469738030714,0.49983886742037936,0.40703605436489876,0.34793894852978124,0.49398673099484336,0.9059992346974105,0.052238381872207106,0.00048499234592027903,0.33370131035279416,,2018-11-28
153,10,0.013155380577562811,2.012031480863173e-16,0.010642945559573796,0.13640469738030714,0.49983886742037936,0.40703605436489876,0.3477184434087548,0.5006795067797952,0.907901380471608,0.05223836741399535,0.0004855578663404238,0.33370131035279416,,2018-11-29
154,10,0.013155426500794818,1.8925734745892633e-16,0.010642945559573796,0.13640469738030714,0.49983886742037936,0.40703605436489876,0.3474980826954197,0.5070387998660568,0.9107977327482756,0.05223836106314087,0.0004877231682377616,0.33370131035279416,,2018-11-30
155,10,0.013155458415218499,1.7802079096606627e-16,0.010642945559573796,0.13640469738030714,0.49983886742037936,0.40703605436489876,0.3472778633780701,0.5130812267837346,0.9109720721577357,0.05223835827349072,0.0004885347191912065,0.33370131035279416,,2018-12-01
156,10,0.01315548059419838,1.6745136948018202e-16,0.010642945559573796,0.13640469738030714,0.49983886742037936,0.40703605436489876,0.34705778427369094,0.5188225761067204,0.910307923045929,0.0522383570481205,0.0004876986817865801,0.33370131035279416,,2018-12-02
157,10,0.013155496007515994,1.5750947397000006e-16,0.010642945559573796,0.13640469738030714,0.49983886742037936,0.40703605436489876,0.3468378448840202,0.5242778497074838,0.9109142694525106,0.05223835650986943,0.0004872112848059193,0.33370131035279416,,2018-12-03
158,10,0.01315550671902577,1.4815784706521802e-16,0.010642945559573796,0.13640469738030714,0.49983886742037936,0.40703605436489876,0.3466180449672231,0.5294613019562505,0.9124984826145953,0.052238356273439486,0.0004855578663404239,0.33370131035279416,,2018-12-04
159,10,0.013155514163006655,1.3936144343407158e-16,0.010642945559573796,0.13640469738030714,0.49983886742037936,0.40703605436489876,0.34639838437751425,0.5343864769669933,0.9102896326967407,0.05223835616958624,0.0004849445390394009,0.33370131035279416,,2018-12-05
160,10,0.013155519336213102,1.310872984505416e-16,0.010642945559573796,0.13640469738030714,0.49983886742037936,0.40703605436489876,0.34617886300510703,0.539066243987557,0.9102851517106078,0.05223835612396809,0.0004836782397068706,0.33370131035279416,,2018-12-06
161,10,0.013155522931341212,1.233044046590306e-16,0.010642945559573796,0.13640469738030714,0.49983886742037936,0.40703605436489876,0.3459594807537289,0.5435128310263905,0.9060007127855045,0.05223835610393005,0.0004847429231761296,0.33370131035279416,,2018-12-07
162,10,0.013155525429781253,1.159835955735584e-16,0.010642945559573796,0.13640469738030714,0.49983886742037936,0.40703605436489876,0.34574023753220223,0.5477378568037509,0.9078088522525558,0.052238356095128224,0.0004845530090865352,0.33370131035279416,,2018-12-08
163,10,0.013155527166076165,1.0909743637601305e-16,0.010642945559573796,0.13640469738030714,0.49983886742037936,0.40703605436489876,0.34552113325129213,0.5517523611108659,0.9062670510693325,0.05223835609126197,0.00048410711409551825,0.33370131035279416,,2018-12-09
164,10,0.013155528372717096,1.0262012110384734e-16,0.010642945559573796,0.13640469738030714,0.49983886742037936,0.40703605436489876,0.345302167822526,0.5555668336563836,0.9051888689935285,0.052238356089563696,0.00048429523654275797,0.33370131035279416,,2018-12-10
165,10,0.013155529211274145,9.652737594193085e-17,0.010642945559573796,0.13640469738030714,0.49983886742037936,0.40703605436489876,0.34508334115775163,0.559191241475481,0.9065929171038672,0.05223835608881772,0.00048418661822500645,0.33370131035279416,,2018-12-11
166,10,0.01315552979403071,9.079636825614237e-17,0.010642945559573796,0.13640469738030714,0.49983886742037936,0.40703605436489876,0.3448646531689715,0.5626350549732531,0.9087308278760563,0.05223835608849004,0.0004837707332434301,0.33370131035279416,,2018-12-12
167,10,0.01315553019901832,8.540562102780511e-17,0.010642945559573796,0.13640469738030714,0.49983886742037936,0.40703605436489876,0.344646103768281,0.5659072726704298,0.9088595146053967,0.05223835608834611,0.00048361486035857436,0.33370131035279416,,2018-12-13
168,10,0.013155530480465107,8.03349323683067e-17,0.010642945559573796,0.13640469738030714,0.49983886742037936,0.40703605436489876,0.344427692867845,0.5690164447160834,0.9083692801985154,0.05223835608828289,0.00048377543630461113,0.33370131035279416,,2018-12-14
169,10,0.013155530676057002,7.556529981228413e-17,0.010642945559573796,0.13640469738030714,0.49983886742037936,0.40703605436489876,0.34420942037988944,0.5719706952287598,0.9088168481703923,0.05223835608825512,0.0004838690496176423,0.33370131035279416,,2018-12-15
170,10,0.013155530811983904,7.107884910566144e-17,0.010642945559573796,0.13640469738030714,0.49983886742037936,0.40703605436489876,0.3439912862166976,0.5747777435244145,0.90998621779851,0.05223835608824292,0.00048418661822500645,0.33370131035279416,,2018-12-16
171,10,0.013155530906446522,6.685876722167236e-17,0.010642945559573796,0.13640469738030714,0.49983886742037936,0.40703605436489876,0.3437732902906092,0.5774449242866171,0.9083557793771989,0.05223835608823756,0.0004843044187098256,0.33370131035279416,,2018-12-17
172,10,0.01315553097209347,6.288923935384496e-17,0.010642945559573796,0.13640469738030714,0.49983886742037936,0.40703605436489876,0.3435554325140197,0.5799792067317308,0.9083524717862679,0.05223835608823521,0.00048454763415947124,0.33370131035279416,,2018-12-18
173,10,0.013155531017714921,5.915538964982837e-17,0.010642945559573796,0.13640469738030714,0.49983886742037936,0.40703605436489876,0.3433377127993803,0.5823872128191424,0.9051899600280977,0.05223835608823418,0.0004843431426446659,0.33370131035279416,,2018-12-19
174,10,0.013155531049419623,5.564322546396127e-17,0.010642945559573796,0.13640469738030714,0.49983886742037936,0.40703605436489876,0.34312013105919753,0.5846752345541276,0.9065246184104256,0.052238356088233726,0.0004843796190444461,0.33370131035279416,,2018-12-20
175,10,0.013155531071452856,5.233958491966778e-17,0.010642945559573796,0.13640469738030714,0.49983886742037936,0.40703605436489876,0.34290268720603356,0.586849250428561,0.9053865547208874,0.052238356088233524,0.00048446526115760916,0.33370131035279416,,2018-12-21
176,10,0.013155531086764887,4.923208758517021e-17,0.010642945559573796,0.13640469738030714,0.49983886742037936,0.40703605436489876,0.3426853811525059,0.5889149410424303,0.904590706407541,0.052238356088233434,0.00048442912887480805,0.33370131035279416,,2018-12-22
177,10,0.013155531097406007,4.630908807767549e-17,0.010642945559573796,0.13640469738030714,0.49983886742037936,0.40703605436489876,0.3424682128112875,0.5908777039469744,0.9056270891721468,0.05223835608823339,0.00048444999096666346,0.33370131035279416,,2018-12-23
178,10,0.01315553110480107,4.355963242216619e-17,0.010642945559573796,0.13640469738030714,0.49983886742037936,0.40703605436489876,0.3422511820951066,0.5927426677482274,0.9072051646385403,0.05223835608823338,0.00048452986912042736,0.33370131035279416,,2018-12-24
179,10,0.01315553110994028,4.0973417001250425e-17,0.010642945559573796,0.13640469738030714,0.49983886742037936,0.40703605436489876,0.3420342889167467,0.5945147055078221,0.9073001533410925,0.05223835608823337,0.0004845598072976054,0.33370131035279416,,2018-12-25
180,10,0.013155531113511783,3.854074994223449e-17,0.010642945559573796,0.13640469738030714,0.49983886742037936,0.40703605436489876,0.34181753318904673,0.5961984474760684,0.9069382921725417,0.05223835608823337,0.0004845289658133573,0.33370131035279416,,2018-12-26
181,10,0.013155531115993805,3.625251479671605e-17,0.010642945559573796,0.13640469738030714,0.49983886742037936,0.40703605436489876,0.3416009148249007,0.5977982931905762,0.9072686595784927,0.05223835608823337,0.00048451098570120155,0.33370131035279416,,2018-12-27
182,10,0.01315553111771869,3.410013637658654e-17,0.010642945559573796,0.13640469738030714,0.49983886742037936,0.40703605436489876,0.3413844337372578,0.5993184229720385,0.9081318169867827,0.05223835608823337,0.0004844499909666635,0.33370131035279416,,2018-12-28
183,10,0.013155531118917402,3.2075548618412956e-17,0.010642945559573796,0.13640469738030714,0.49983886742037936,0.40703605436489876,0.34116808983912256,0.6007628088472099,0.9069283266888682,0.05223835608823337,0.00048442736527529043,0.33370131035279416,,2018-12-29
184,10,0.013155531119750449,3.0171164355770276e-17,0.010642945559573796,0.13640469738030714,0.49983886742037936,0.40703605436489876,0.3409518830435545,0.6021352249276236,0.9069258852267787,0.05223835608823337,0.0004843806513953833,0.33370131035279416,,2018-12-30
185,10,0.013155531120329376,2.837984688624612e-17,0.010642945559573796,0.13640469738030714,0.49983886742037936,0.40703605436489876,0.3407358132636683,0.6034392572711652,0.904591511742782,0.05223835608823337,0.00048441992765056594,0.33370131035279416,,2018-12-31
186,10,0.013155531120731702,2.6694883226564527e-17,0.010642945559573796,0.13640469738030714,0.49983886742037936,0.40703605436489876,0.34051988041263365,0.6046783132522711,0.905576675238175,0.05223835608823337,0.00048441292170517365,0.33370131035279416,,2019-01-01
187,10,0.0131555311210113,2.5109958955602242e-17,0.010642945559573796,0.13640469738030714,0.49983886742037936,0.40703605436489876,0.34030408440367527,0.6058556304652358,0.9047366259662333,0.05223835608823337,0.0004843964726046123,0.33370131035279416,,2019-01-02
188,10,0.013155531121205606,2.3619134551021302e-17,0.010642945559573796,0.13640469738030714,0.49983886742037936,0.40703605436489876,0.3400884251500729,0.606974285183892,0.9041491792333762,0.05223835608823337,0.0004844034124561801,0.33370131035279416,,2019-01-03
189,10,0.01315553112134064,2.221682313083926e-17,0.010642945559573796,0.13640469738030714,0.49983886742037936,0.40703605436489876,0.33987290256516134,0.6080372003997668,0.9049141738420814,0.05223835608823337,0.0004843994055180725,0.33370131035279416,,2019-01-04
190,10,0.013155531121434482,2.089776951652326e-17,0.010642945559573796,0.13640469738030714,0.49983886742037936,0.40703605436489876,0.3396575165623301,0.6090471534597204,0.9060790129972175,0.05223835608823337,0.0004843840634890708,0.33370131035279416,,2019-01-05
191,10,0.013155531121499697,1.9657030539146733e-17,0.010642945559573796,0.13640469738030714,0.49983886742037936,0.40703605436489876,0.33944226705502367,0.6100067833230204,0.9061491278696584,0.05223835608823337,0.00048437831332634316,0.33370131035279416,,2019-01-06
192,10,0.013155531121545019,1.8489956514805705e-17,0.010642945559573796,0.13640469738030714,0.49983886742037936,0.40703605436489876,0.3392271539567414,0.6109185974568175,0.9058820240036979,0.05223835608823337,0.00048438423698535997,0.33370131035279416,,2019-01-07
193,10,0.013155531121576514,1.7392173819873716e-17,0.010642945559573796,0.13640469738030714,0.49983886742037936,0.40703605436489876,0.33901217718103754,0.6117849783880372,0.9061258810930625,0.05223835608823337,0.00048438769038768774,0.33370131035279416,,2019-01-08
194,10,0.013155531121598403,1.6359568500795863e-17,0.010642945559573796,0.13640469738030714,0.49983886742037936,0.40703605436489876,0.338797336641521,0.6126081899288097,0.9067630112985777,0.05223835608823337,0.00048439940551807246,0.33370131035279416,,2019-01-09
195,10,0.013155531121613615,1.538827085699949e-17,0.010642945559573796,0.13640469738030714,0.49983886742037936,0.40703605436489876,0.3385826322518555,0.6133903830917027,0.9058746680908597,0.05223835608823337,0.0004844037511870304,0.33370131035279416,,2019-01-10
196,10,0.013155531121624186,1.4474640939145795e-17,0.010642945559573796,0.13640469738030714,0.49983886742037936,0.40703605436489876,0.3383680639257594,0.6141336017102152,0.9058728659523066,0.05223835608823337,0.0004844127234237002,0.33370131035279416,,2019-01-11
197,10,0.013155531121631533,1.3615254908376899e-17,0.010642945559573796,0.13640469738030714,0.49983886742037936,0.40703605436489876,0.33815363157700584,0.6148397877792174,0.9041497736827809,0.05223835608823337,0.00048440517971596914,0.33370131035279416,,2019-01-12
198,10,0.013155531121636638,1.2806892205439463e-17,0.010642945559573796,0.13640469738030714,0.49983886742037936,0.40703605436489876,0.33793933511942253,0.6155107865292901,0.9048769613478088,0.05223835608823337,0.00048440652533316645,0.33370131035279416,,2019-01-13
199,10,0.013155531121640186,1.2046523481601036e-17,0.010642945559573796,0.13640469738030714,0.49983886742037936,0.40703605436489876,0.3377251744668919,0.6161483512482251,0.9042568881605375,0.05223835608823337,0.00048440968467731716,0.33370131035279416,,2019-01-14
200,10,0.01315553112164265,1.1331299246130061e-17,0.010642945559573796,0.13640469738030714,0.49983886742037936,0.40703605436489876,0.3375111495333508,0.6167541478622822,0.9038232707762229,0.05223835608823337,0.0004844083517546217,0.33370131035279416,,2019-01-15
201,10,0.013155531121644365,1.0658539187795862e-17,0.010642945559573796,0.13640469738030714,0.49983886742037936,0.40703605436489876,0.3372972602327908,0.6173297592891757,0.9043879431842696,0.05223835608823337,0.0004844091213587971,0.33370131035279416,,2019-01-16
202,10,0.013155531121645556,1.0025722130370796e-17,0.010642945559573796,0.13640469738030714,0.49983886742037936,0.40703605436489876,0.33708350647925767,0.6178766895741625,0.9052477564734521,0.05223835608823337,0.0004844120680700416,0.33370131035279416,,2019-01-17
203,10,0.013155531121646384,9.430476584492701e-18,0.010642945559573796,0.13640469738030714,0.49983886742037936,0.40703605436489876,0.336869888186852,0.6183963678200414,0.9052995110000992,0.05223835608823337,0.00048441317249170354,0.33370131035279416,,2019-01-18
204,10,0.013155531121646958,8.870571860480633e-18,0.010642945559573796,0.13640469738030714,0.49983886742037936,0.40703605436489876,0.3366564052697286,0.6188901519213299,0.9051023512012272,0.05223835608823337,0.0004844120347469742,0.33370131035279416,,2019-01-19
205,10,0.013155531121647357,8.343909708799059e-18,0.010642945559573796,0.13640469738030714,0.49983886742037936,0.40703605436489876,0.33644305764209687,0.6193593321123786,0.905282351646072,0.05223835608823337,0.00048441137145925194,0.33370131035279416,,2019-01-20
206,10,0.013155531121647634,7.848516456843059e-18,0.010642945559573796,0.13640469738030714,0.49983886742037936,0.40703605436489876,0.33622984521822036,0.6198051343386918,0.9057526423426253,0.05223835608823337,0.000484409121358797,0.33370131035279416,,2019-01-21
207,10,0.013155531121647829,7.382535612577034e-18,0.010642945559573796,0.13640469738030714,0.49983886742037936,0.40703605436489876,0.3360167679124171,0.6202287234602649,0.9050969215145752,0.05223835608823337,0.00048440828669529964,0.33370131035279416,,2019-01-22
208,10,0.013155531121647962,6.94422090730898e-18,0.010642945559573796,0.13640469738030714,0.49983886742037936,0.40703605436489876,0.3358038256390593,0.6206312062953081,0.9050955912857019,0.05223835608823337,0.000484406563416672,0.33370131035279416,,2019-01-23
209,10,0.013155531121648056,6.531929751528032e-18,0.010642945559573796,0.13640469738030714,0.49983886742037936,0.40703605436489876,0.33559101831257354,0.6210136345123095,0.9038237095625529,0.05223835608823337,0.00048440801232075073,0.33370131035279416,,2019-01-24
210,10,0.01315553112164812,6.144117079280964e-18,0.010642945559573796,0.13640469738030714,0.49983886742037936,0.40703605436489876,0.33537834584744053,0.621377007377995,0.9043604751884025,0.05223835608823337,0.0004844077538708856,0.33370131035279416,,2019-01-25
211,10,0.013155531121648165,5.779329558019365e-18,0.010642945559573796,0.13640469738030714,0.49983886742037936,0.40703605436489876,0.3351658081581953,0.6217222743683645,0.9039027749434108,0.05223835608823337,0.000484407147062299,0.33370131035279416,,2019-01-26
212,10,0.013155531121648197,5.436200142218829e-18,0.010642945559573796,0.13640469738030714,0.49983886742037936,0.40703605436489876,0.33495340515942706,0.6220503376496278,0.9035827050111713,0.05223835608823337,0.00048440740307395785,0.33370131035279416,,2019-01-27
213,10,0.013155531121648219,5.113442950359778e-18,0.010642945559573796,0.13640469738030714,0.49983886742037936,0.40703605436489876,0.334741136765779,0.6223620544355218,0.9039995117765797,0.05223835608823337,0.00048440725525770247,0.33370131035279416,,2019-01-28
214,10,0.013155531121648235,4.8098484460713545e-18,0.010642945559573796,0.13640469738030714,0.49983886742037936,0.40703605436489876,0.3345290028919484,0.622658239227169,0.9046341735571313,0.05223835608823337,0.00048440668928907097,0.33370131035279416,,2019-01-29
215,10,0.013155531121648245,4.52427890537965e-18,0.010642945559573796,0.13640469738030714,0.49983886742037936,0.40703605436489876,0.3343170034526868,0.6229396659413304,0.9046723755952326,0.05223835608823337,0.00048440647716512506,0.33370131035279416,,2019-01-30
216,10,0.013155531121648252,4.255664153073737e-18,0.010642945559573796,0.13640469738030714,0.49983886742037936,0.40703605436489876,0.33410513836279954,0.6232070699326131,0.9045268442449039,0.05223835608823337,0.00048440669568936245,0.33370131035279416,,2019-01-31
217,10,0.013155531121648257,4.0029975522114884e-18,0.010642945559573796,0.13640469738030714,0.49983886742037936,0.40703605436489876,0.3338934075371461,0.6234611499149167,0.9046597096056311,0.05223835608823337,0.0004844068230856403,0.33370131035279416,,2019-02-01
218,10,0.01315553112164826,3.765332231735797e-18,0.010642945559573796,0.13640469738030714,0.49983886742037936,0.40703605436489876,0.33368181089063975,0.6237025697871398,0.9050068495424135,0.05223835608823337,0.00048440725525770247,0.33370131035279416,,2019-02-02
219,10,0.013155531121648262,3.541777538064164e-18,0.010642945559573796,0.13640469738030714,0.49983886742037936,0.40703605436489876,0.33347034833824796,0.6239319603679159,0.9045228363810552,0.05223835608823337,0.00048440741556976503,0.33370131035279416,,2019-02-03
220,10,0.013155531121648264,3.3314956973539228e-18,0.010642945559573796,0.13640469738030714,0.49983886742037936,0.40703605436489876,0.3332590197949918,0.6241499210439126,0.9045218544871535,0.05223835608823337,0.0004844077465562668,0.33370131035279416,,2019-02-04
221,10,0.013155531121648266,3.1336986759349165e-18,0.010642945559573796,0.13640469738030714,0.49983886742037936,0.40703605436489876,0.33304782517594633,0.6243570213360007,0.9035830288965042,0.05223835608823337,0.0004844074682683076,0.33370131035279416,,2019-02-05
222,10,0.013155531121648266,2.947645227144056e-18,0.010642945559573796,0.13640469738030714,0.49983886742037936,0.40703605436489876,0.33283676439624044,0.6245538023873843,0.9039792365756906,0.05223835608823337,0.00048440751790822966,0.33370131035279416,,2019-02-06
223,10,0.013155531121648266,2.7726381134947343e-18,0.010642945559573796,0.13640469738030714,0.49983886742037936,0.40703605436489876,0.3326258373710568,0.6247407783775834,0.9036413901430989,0.05223835608823337,0.0004844076344566787,0.33370131035279416,,2019-02-07
224,10,0.013155531121648266,2.608021493771149e-18,0.010642945559573796,0.13640469738030714,0.49983886742037936,0.40703605436489876,0.3324150440156317,0.6249184378659594,0.9034051340213898,0.05223835608823337,0.00048440758528505784,0.33370131035279416,,2019-02-08
225,10,0.013155531121648266,2.4531784652556367e-18,0.010642945559573796,0.13640469738030714,0.49983886742037936,0.40703605436489876,0.3322043842452554,0.625087245068298,0.9037127953790451,0.05223835608823337,0.00048440761367581515,0.33370131035279416,,2019-02-09
226,10,0.013155531121648266,2.3075287518784847e-18,0.010642945559573796,0.13640469738030714,0.49983886742037936,0.40703605436489876,0.3319938579752716,0.6252476410697834,0.9041812640346947,0.05223835608823337,0.0004844077223802199,0.33370131035279416,,2019-02-10
227,10,0.013155531121648266,2.1705265296265394e-18,0.010642945559573796,0.13640469738030714,0.49983886742037936,0.40703605436489876,0.33178346512107776,0.6254000449775317,0.9042094624515221,0.05223835608823337,0.0004844077631224201,0.33370131035279416,,2019-02-11
228,10,0.013155531121648266,2.0416583810612996e-18,0.010642945559573796,0.13640469738030714,0.49983886742037936,0.40703605436489876,0.331573205598125,0.6255448550156988,0.9041020400761207,0.05223835608823337,0.0004844077211509294,0.33370131035279416,,2019-02-12
229,10,0.013155531121648266,1.9204413712810303e-18,0.010642945559573796,0.13640469738030714,0.49983886742037936,0.40703605436489876,0.33136307932191783,0.6256824495660209,0.9042001131897532,0.05223835608823337,0.00048440769668219426,0.33370131035279416,,2019-02-13
230,10,0.013155531121648266,1.8064212381165403e-18,0.010642945559573796,0.13640469738030714,0.49983886742037936,0.40703605436489876,0.33115308620801454,0.625813188156508,0.9044563507394059,0.05223835608823337,0.0004844076136758152,0.33370131035279416,,2019-02-14
231,10,0.013155531121648266,1.6991706897783635e-18,0.010642945559573796,0.13640469738030714,0.49983886742037936,0.40703605436489876,0.3309432261720268,0.6259374124008733,0.9040990817152319,0.05223835608823337,0.0004844075828850145,0.33370131035279416,,2019-02-15
232,10,0.013155531121648266,1.5982878035757542e-18,0.010642945559573796,0.13640469738030714,0.49983886742037936,0.40703605436489876,0.3307334991296198,0.6260554468911538,0.9040983569409816,0.05223835608823337,0.0004844075193131332,0.33370131035279416,,2019-02-16
233,10,0.013155531121648266,1.5033945197066785e-18,0.010642945559573796,0.13640469738030714,0.49983886742037936,0.40703605436489876,0.33052390499651213,0.6261676000458536,0.9034053730938078,0.05223835608823337,0.0004844075727633163,0.33370131035279416,,2019-02-17
234,10,0.013155531121648266,1.4141352244742622e-18,0.010642945559573796,0.13640469738030714,0.49983886742037936,0.40703605436489876,0.33031444368847585,0.6262741649158271,0.9036978294611427,0.05223835608823337,0.00048440756322908085,0.33370131035279416,,2019-02-18
235,10,0.013155531121648266,1.3301754176202803e-18,0.010642945559573796,0.13640469738030714,0.49983886742037936,0.40703605436489876,0.3301051151213364,0.6263754199500066,0.9034484518100186,0.05223835608823337,0.00048440754084386537,0.33370131035279416,,2019-02-19
236,10,0.013155531121648266,1.2512004587815078e-18,0.010642945559573796,0.13640469738030714,0.49983886742037936,0.40703605436489876,0.3298959192109725,0.6264716297229762,0.9032740619363605,0.05223835608823337,0.00048440755028815517,0.33370131035279416,,2019-02-20
237,10,0.013155531121648266,1.1769143883712584e-18,0.010642945559573796,0.13640469738030714,0.49983886742037936,0.40703605436489876,0.32968685587331625,0.6265630456262927,0.9035011588043819,0.05223835608823337,0.00048440754483520214,0.33370131035279416,,2019-02-21
238,10,0.013155531121648266,1.1070388184673553e-18,0.010642945559573796,0.13640469738030714,0.49983886742037936,0.40703605436489876,0.3294779250243529,0.6266499065253598,0.9038469538215882,0.05223835608823337,0.00048440752395657573,0.33370131035279416,,2019-02-22
239,10,0.013155531121648266,1.0413118895501193e-18,0.010642945559573796,0.13640469738030714,0.49983886742037936,0.40703605436489876,0.32926912658012114,0.6267324393835717,0.9038677681747247,0.05223835608823337,0.00048440751613130703,0.33370131035279416,,2019-02-23
240,10,0.013155531121648266,9.794872891807407e-19,0.010642945559573796,0.13640469738030714,0.49983886742037936,0.40703605436489876,0.3290604604567127,0.6268108598553581,0.903788475522586,0.05223835608823337,0.000484407524192683,0.33370131035279416,,2019-02-24
241,10,0.013155531121648266,9.213333289425187e-19,0.010642945559573796,0.13640469738030714,0.49983886742037936,0.40703605436489876,0.3288519265702726,0.6268853728496786,0.9038608671193493,0.05223835608823337,0.0004844075288923415,0.33370131035279416,,2019-02-25
242,10,0.013155531121648266,8.666320761857971e-19,0.010642945559573796,0.13640469738030714,0.49983886742037936,0.40703605436489876,0.32864352483699893,0.6269561730654403,0.9040500060656215,0.05223835608823337,0.00048440754483520214,0.33370131035279416,,2019-02-26
243,10,0.013155531121648266,8.151785373227963e-19,0.010642945559573796,0.13640469738030714,0.49983886742037936,0.40703605436489876,0.32843525517314287,0.6270234455002366,0.9037862918408346,0.05223835608823337,0.0004844075507491265,0.33370131035279416,,2019-02-27
244,10,0.013155531121648266,7.667798896117343e-19,0.010642945559573796,0.13640469738030714,0.49983886742037936,0.40703605436489876,0.3282271174950087,0.6270873659337372,0.9037857568566444,0.05223835608823337,0.000484407562959244,0.33370131035279416,,2019-02-28
245,10,0.013155531121648266,7.212547585513345e-19,0.010642945559573796,0.13640469738030714,0.49983886742037936,0.40703605436489876,0.3280191117189538,0.6271481013869917,0.9032742384050525,0.05223835608823337,0.00048440755269317976,0.33370131035279416,,2019-03-01
246,10,0.013155531121648266,6.784325381777498e-19,0.010642945559573796,0.13640469738030714,0.49983886742037936,0.40703605436489876,0.32781123776138854,0.6272058105588486,0.9034901118756788,0.05223835608823337,0.0004844075545244003,0.33370131035279416,,2019-03-02
247,10,0.013155531121648266,6.381527517167081e-19,0.010642945559573796,0.13640469738030714,0.49983886742037936,0.40703605436489876,0.3276034955387762,0.6272606442406266,0.903306036488518,0.05223835608823337,0.00048440755882388155,0.33370131035279416,,2019-03-03
248,10,0.013155531121648266,6.002644501949133e-19,0.010642945559573796,0.13640469738030714,0.49983886742037936,0.40703605436489876,0.32739588496763306,0.6273127457101257,0.9031773125095816,0.05223835608823337,0.00048440755700993667,0.33370131035279416,,2019-03-04
249,10,0.013155531121648266,5.646256467569938e-19,0.010642945559573796,0.13640469738030714,0.49983886742037936,0.40703605436489876,0.3271884059645282,0.6273622511060057,0.9033449415802525,0.05223835608823337,0.0004844075580572739,0.33370131035279416,,2019-03-05
250,10,0.013155531121648266,5.311027845680924e-19,0.010642945559573796,0.13640469738030714,0.49983886742037936,0.40703605436489876,0.32698105844608366,0.6274092897835094,0.9036001863922217,0.05223835608823337,0.00048440756206738776,0.33370131035279416,,2019-03-06
251,10,0.013155531121648266,4.995702363080582e-19,0.010642945559573796,0.13640469738030714,0.49983886742037936,0.40703605436489876,0.3267738423289743,0.6274539846524617,0.9036155502794619,0.05223835608823337,0.00048440756357037067,0.33370131035279416,,2019-03-07
252,10,0.013155531121648266,4.699098333815868e-19,0.010642945559573796,0.13640469738030714,0.49983886742037936,0.40703605436489876,0.32656675752992775,0.6274964524984277,0.9035570212750558,0.05223835608823337,0.00048440756202203916,0.33370131035279416,,2019-03-08
253,10,0.013155531121648266,4.420104230800207e-19,0.010642945559573796,0.13640469738030714,0.49983886742037936,0.40703605436489876,0.32635980396572456,0.6275368042878671,0.903610456340874,0.05223835608823337,0.0004844075611193856,0.33370131035279416,,2019-03-09
254,10,0.013155531121648266,4.157674520352663e-19,0.010642945559573796,0.13640469738030714,0.49983886742037936,0.40703605436489876,0.32615298155319783,0.6275751454580849,0.9037500671865343,0.05223835608823337,0.0004844075580572739,0.33370131035279416,,2019-03-10
255,10,0.013155531121648266,3.910825744048184e-19,0.010642945559573796,0.13640469738030714,0.49983886742037936,0.40703605436489876,0.3259462902092335,0.6276115761927337,0.9035554094142414,0.05223835608823337,0.0004844075569213989,0.33370131035279416,,2019-03-11
256,10,0.013155531121648266,3.67863283319559e-19,0.010642945559573796,0.13640469738030714,0.49983886742037936,0.40703605436489876,0.3257397298507701,0.6276461916835888,0.9035550145215095,0.05223835608823337,0.0004844075545762273,0.33370131035279416,,2019-03-12
257,10,0.013155531121648266,3.4602256421317775e-19,0.010642945559573796,0.13640469738030714,0.49983886742037936,0.40703605436489876,0.32553330039479883,0.62767908237928,0.9031774427680176,0.05223835608823337,0.00048440755654800865,0.33370131035279416,,2019-03-13
258,10,0.013155531121648266,3.2547856873406174e-19,0.010642945559573796,0.13640469738030714,0.49983886742037936,0.40703605436489876,0.3253270017583635,0.6277103342216295,0.9033367874105874,0.05223835608823337,0.00048440755619629,0.33370131035279416,,2019-03-14
259,10,0.013155531121648266,3.0615430801763573e-19,0.010642945559573796,0.13640469738030714,0.49983886742037936,0.40703605436489876,0.32512083385856044,0.6277400288702135,0.9032009141757339,0.05223835608823337,0.00048440755537049765,0.33370131035279416,,2019-03-15
260,10,0.013155531121648266,2.8797736416968693e-19,0.010642945559573796,0.13640469738030714,0.49983886742037936,0.40703605436489876,0.32491479661253864,0.6277682439157353,0.9031058979777996,0.05223835608823337,0.0004844075557188982,0.33370131035279416,,2019-03-16
261,10,0.013155531121648266,2.7087961887945513e-19,0.010642945559573796,0.13640469738030714,0.49983886742037936,0.40703605436489876,0.3247088899374994,0.6277950530827656,0.9032296315439153,0.05223835608823337,0.0004844075555177384,0.33370131035279416,,2019-03-17
262,10,0.013155531121648266,2.5479699814546236e-19,0.010642945559573796,0.13640469738030714,0.49983886742037936,0.40703605436489876,0.32450311375069674,0.6278205264223817,0.9034180377117184,0.05223835608823337,0.00048440755474752424,0.33370131035279416,,2019-03-18
263,10,0.013155531121648266,2.396692321574391e-19,0.010642945559573796,0.13640469738030714,0.49983886742037936,0.40703605436489876,0.3242974679694369,0.6278447304952073,0.9034293783971378,0.05223835608823337,0.00048440755445884945,0.33370131035279416,,2019-03-19
264,10,0.013155531121648266,2.2543962943450164e-19,0.010642945559573796,0.13640469738030714,0.49983886742037936,0.40703605436489876,0.32409195251107864,0.6278677285453325,0.9033861758523322,0.05223835608823337,0.00048440755475623424,0.33370131035279416,,2019-03-20
265,10,0.013155531121648266,2.1205486437316113e-19,0.010642945559573796,0.13640469738030714,0.49983886742037936,0.40703605436489876,0.323886567293033,0.6278895806655675,0.9034256183620524,0.05223835608823337,0.000484407554929605,0.33370131035279416,,2019-03-21
266,10,0.013155531121648266,1.9946477740899757e-19,0.010642945559573796,0.13640469738030714,0.49983886742037936,0.40703605436489876,0.3236813122327634,0.6279103439544623,0.9035286705816514,0.05223835608823337,0.0004844075555177384,0.33370131035279416,,2019-03-22
267,10,0.013155531121648266,1.876221870431024e-19,0.010642945559573796,0.13640469738030714,0.49983886742037936,0.40703605436489876,0.3234761872477857,0.6279300726655023,0.9033849860748917,0.05223835608823337,0.0004844075557359035,0.33370131035279416,,2019-03-23
268,10,0.013155531121648266,1.764827130288567e-19,0.010642945559573796,0.13640469738030714,0.49983886742037936,0.40703605436489876,0.32327119225566786,0.6279488183488702,0.9033846945891384,0.05223835608823337,0.00048440755618633566,0.33370131035279416,,2019-03-24
269,10,0.013155531121648266,1.6600461005643534e-19,0.010642945559573796,0.13640469738030714,0.49983886742037936,0.40703605436489876,0.32306632717403017,0.6279666299861444,0.9031059941266403,0.05223835608823337,0.0004844075558076198,0.33370131035279416,,2019-03-25
270,10,0.013155531121648266,1.561486113117675e-19,0.010642945559573796,0.13640469738030714,0.49983886742037936,0.40703605436489876,0.3228615919205451,0.6279835541182851,0.9032236126327126,0.05223835608823337,0.00048440755587517365,0.33370131035279416,,2019-03-26
271,10,0.013155531121648266,1.4687778132368945e-19,0.010642945559573796,0.13640469738030714,0.49983886742037936,0.40703605436489876,0.32265698641293716,0.627999634967244,0.9031233192896736,0.05223835608823337,0.00048440755603378186,0.33370131035279416,,2019-03-27
272,10,0.013155531121648266,1.3815737754783203e-19,0.010642945559573796,0.13640469738030714,0.49983886742037936,0.40703605436489876,0.3224525105689833,0.6280149145515138,0.9030531841218169,0.05223835608823337,0.0004844075559668653,0.33370131035279416,,2019-03-28
273,10,0.013155531121648266,1.2995472016852725e-19,0.010642945559573796,0.13640469738030714,0.49983886742037936,0.40703605436489876,0.32224816430651226,0.6280294327959209,0.9031445167010792,0.05223835608823337,0.00048440755600550163,0.33370131035279416,,2019-03-29
274,10,0.013155531121648266,1.222390696308149e-19,0.010642945559573796,0.13640469738030714,0.49983886742037936,0.40703605436489876,0.3220439475434051,0.6280432276359469,0.9032835866543227,0.05223835608823337,0.00048440755615343506,0.33370131035279416,,2019-03-30
275,10,0.013155531121648266,1.1498151144359894e-19,0.010642945559573796,0.13640469738030714,0.49983886742037936,0.40703605436489876,0.32183986019759475,0.628056335116852,0.9032919576572969,0.05223835608823337,0.00048440755620888024,0.33370131035279416,,2019-03-31
276,10,0.013155531121648266,1.0815484782225219e-19,0.010642945559573796,0.13640469738030714,0.49983886742037936,0.40703605436489876,0.3216359021870662,0.6280687894878598,0.9032600681711076,0.05223835608823337,0.0004844075561517622,0.33370131035279416,,2019-04-01
277,10,0.013155531121648266,1.017334957645987e-19,0.010642945559573796,0.13640469738030714,0.49983886742037936,0.40703605436489876,0.3214320734298565,0.6280806232916489,0.9032891822285005,0.05223835608823337,0.00048440755611846325,0.33370131035279416,,2019-04-02
278,10,0.013155531121648266,9.569339117831233e-20,0.010642945559573796,0.13640469738030714,0.49983886742037936,0.40703605436489876,0.32122837384405456,0.6280918674493853,0.903365249097905,0.05223835608823337,0.0004844075560055017,0.33370131035279416,,2019-04-03
279,10,0.013155531121648266,9.001189870044791e-20,0.010642945559573796,0.13640469738030714,0.49983886742037936,0.40703605436489876,0.32102480334780115,0.6281025513415178,0.9032591899498957,0.05223835608823337,0.00048440755596359917,0.33370131035279416,,2019-04-04
280,10,0.013155531121648266,8.466772687115244e-20,0.010642945559573796,0.13640469738030714,0.49983886742037936,0.40703605436489876,0.320821361859289,0.6281127028845481,0.9032589747928732,0.05223835608823337,0.0004844075558770856,0.33370131035279416,,2019-04-05
281,10,0.013155531121648266,7.9640848343669e-20,0.010642945559573796,0.13640469738030714,0.49983886742037936,0.40703605436489876,0.32061804929676274,0.6281223486039749,0.9030532550930326,0.05223835608823337,0.00048440755594982476,0.33370131035279416,,2019-04-06
282,10,0.013155531121648266,7.491242483161935e-20,0.010642945559573796,0.13640469738030714,0.49983886742037936,0.40703605436489876,0.32041486557851867,0.6281315137036037,0.9031400739075692,0.05223835608823337,0.00048440755593684984,0.33370131035279416,,2019-04-07
283,10,0.013155531121648266,7.046473651230427e-20,0.010642945559573796,0.13640469738030714,0.49983886742037936,0.40703605436489876,0.32021181062290494,0.6281402221314035,0.9030660434727394,0.05223835608823337,0.0004844075559063863,0.33370131035279416,,2019-04-08
284,10,0.013155531121648266,6.628111562145964e-20,0.010642945559573796,0.13640469738030714,0.49983886742037936,0.40703605436489876,0.3200088843483214,0.6281484966420818,0.9030142739652531,0.05223835608823337,0.0004844075559192388,0.33370131035279416,,2019-04-09
285,10,0.013155531121648266,6.234588399061394e-20,0.010642945559573796,0.13640469738030714,0.49983886742037936,0.40703605436489876,0.3198060866732197,0.6281563588565411,0.9030816901102537,0.05223835608823337,0.000484407555911818,0.33370131035279416,,2019-04-10
286,10,0.013155531121648266,5.864429429296762e-20,0.010642945559573796,0.13640469738030714,0.49983886742037936,0.40703605436489876,0.31960341751610305,0.6281638293183733,0.903184343076028,0.05223835608823337,0.00048440755588340475,0.33370131035279416,,2019-04-11
287,10,0.013155531121648266,5.516247477761247e-20,0.010642945559573796,0.13640469738030714,0.49983886742037936,0.40703605436489876,0.3194008767955264,0.6281709275475398,0.9031905220403676,0.05223835608823337,0.0004844075558727555,0.33370131035279416,,2019-04-12
288,10,0.013155531121648266,5.1887377284982065e-20,0.010642945559573796,0.13640469738030714,0.49983886742037936,0.40703605436489876,0.31919846443009636,0.6281776720913752,0.9031669831647299,0.05223835608823337,0.00048440755588372605,0.33370131035279416,,2019-04-13
289,10,0.013155531121648266,4.880672834872041e-20,0.010642945559573796,0.13640469738030714,0.49983886742037936,0.40703605436489876,0.31899618033847094,0.6281840805730518,0.9031884733879406,0.05223835608823337,0.0004844075558901217,0.33370131035279416,,2019-04-14
290,10,0.013155531121648266,4.590898320072243e-20,0.010642945559573796,0.13640469738030714,0.49983886742037936,0.40703605436489876,0.3187940244393599,0.6281901697376269,0.9032446213160834,0.05223835608823337,0.000484407555911818,0.33370131035279416,,2019-04-15
291,10,0.013155531121648266,4.3183282506979823e-20,0.010642945559573796,0.13640469738030714,0.49983886742037936,0.40703605436489876,0.3185919966515243,0.6281959554957978,0.9031663349153425,0.05223835608823337,0.00048440755591986614,0.33370131035279416,,2019-04-16
292,10,0.013155531121648266,4.061941167209918e-20,0.010642945559573796,0.13640469738030714,0.49983886742037936,0.40703605436489876,0.3183900968937769,0.628201452965475,0.9031661760995382,0.05223835608823337,0.0004844075559364826,0.33370131035279416,,2019-04-17
293,10,0.013155531121648266,3.820776255998565e-20,0.010642945559573796,0.13640469738030714,0.49983886742037936,0.40703605436489876,0.31818832508498174,0.6282066765112854,0.9030143263518802,0.05223835608823337,0.00048440755592251176,0.33370131035279416,,2019-04-18
294,10,0.013155531121648266,3.593929748724e-20,0.010642945559573796,0.13640469738030714,0.49983886742037936,0.40703605436489876,0.31798668114405443,0.6282116397821053,0.9030784107107898,0.05223835608823337,0.00048440755592500385,0.33370131035279416,,2019-04-19
295,10,0.013155531121648266,3.380551535433381e-20,0.010642945559573796,0.13640469738030714,0.49983886742037936,0.40703605436489876,0.31778516498996184,0.6282163557467251,0.9030237659545675,0.05223835608823337,0.0004844075559308549,0.33370131035279416,,2019-04-20
296,10,0.013155531121648266,3.1798419787639056e-20,0.010642945559573796,0.13640469738030714,0.49983886742037936,0.40703605436489876,0.3175837765417223,0.6282208367277359,0.9029855528585233,0.05223835608823337,0.00048440755592838635,0.33370131035279416,,2019-04-21
297,10,0.013155531121648266,2.9910489172923926e-20,0.010642945559573796,0.13640469738030714,0.49983886742037936,0.40703605436489876,0.31738251571840537,0.6282250944337276,0.9030353153490108,0.05223835608823337,0.00048440755592981164,0.33370131035279416,,2019-04-22
298,10,0.013155531121648266,2.8134648468015075e-20,0.010642945559573796,0.13640469738030714,0.49983886742037936,0.40703605436489876,0.31718138243913185,0.6282291399898836,0.903111087513569,0.05223835608823337,0.0004844075559352689,0.33370131035279416,,2019-04-23
299,10,0.013155531121648266,2.6464242688993895e-20,0.010642945559573796,0.13640469738030714,0.49983886742037936,0.40703605436489876,0.316980376623074,0.6282329839670493,0.9031156484485523,0.05223835608823337,0.0004844075559373143,0.33370131035279416,,2019-04-24
300,10,0.013155531121648266,2.4893011970566043e-20,0.010642945559573796,0.13640469738030714,0.49983886742037936,0.40703605436489876,0.3167794981894551,0.6282366364093541,0.9030982734848103,0.05223835608823337,0.0004844075559352072,0.33370131035279416,,2019-04-25
301,10,0.013155531121648266,2.3415068107142662e-20,0.010642945559573796,0.13640469738030714,0.49983886742037936,0.40703605436489876,0.31657874705754974,0.628240106860456,0.9031141362581577,0.05223835608823337,0.0004844075559339788,0.33370131035279416,,2019-04-26
302,10,0.013155531121648266,2.2024872486720715e-20,0.010642945559573796,0.13640469738030714,0.49983886742037936,0.40703605436489876,0.31637812314668357,0.6282434043884783,0.9031555812375477,0.05223835608823337,0.00048440755592981164,0.33370131035279416,,2019-04-27
303,10,0.013155531121648266,2.071721533486939e-20,0.010642945559573796,0.13640469738030714,0.49983886742037936,0.40703605436489876,0.3161776263762334,0.6282465376097048,0.9030977949866112,0.05223835608823337,0.00048440755592826584,0.33370131035279416,,2019-04-28
304,10,0.013155531121648266,1.948719619103917e-20,0.010642945559573796,0.13640469738030714,0.49983886742037936,0.40703605436489876,0.31597725666562726,0.6282495147110936,0.9030976777584613,0.05223835608823337,0.0004844075559250743,0.33370131035279416,,2019-04-29
305,10,0.013155531121648266,1.8330205544028328e-20,0.010642945559573796,0.13640469738030714,0.49983886742037936,0.40703605436489876,0.315777013934344,0.6282523434716687,0.9029855915271394,0.05223835608823337,0.00048440755592775767,0.33370131035279416,,2019-04-30
306,10,0.013155531121648266,1.724190755778549e-20,0.010642945559573796,0.13640469738030714,0.49983886742037936,0.40703605436489876,0.3155768981019137,0.6282550312828469,0.9030328946961446,0.05223835608823337,0.00048440755592727905,0.33370131035279416,,2019-05-01
307,10,0.013155531121648266,1.6218223822813066e-20,0.010642945559573796,0.13640469738030714,0.49983886742037936,0.40703605436489876,0.3153769090879174,0.6282575851677508,0.9029925592666761,0.05223835608823337,0.0004844075559261553,0.33370131035279416,,2019-05-02
308,10,0.013155531121648266,1.5255318072279718e-20,0.010642945559573796,0.13640469738030714,0.49983886742037936,0.40703605436489876,0.315177046811987,0.6282600117995601,0.9029643526875492,0.05223835608823337,0.0004844075559266294,0.33370131035279416,,2019-05-03
309,10,0.013155531121648266,1.4349581805565307e-20,0.010642945559573796,0.13640469738030714,0.49983886742037936,0.40703605436489876,0.31497731119380545,0.6282623175189483,0.9030010843259348,0.05223835608823337,0.00048440755592635564,0.33370131035279416,,2019-05-04
310,10,0.013155531121648266,1.3497620765362393e-20,0.010642945559573796,0.13640469738030714,0.49983886742037936,0.40703605436489876,0.3147777021531065,0.6282645083506504,0.9030570147209168,0.05223835608823337,0.0004844075559253075,0.33370131035279416,,2019-05-05
311,10,0.013155531121648266,1.2696242217657072e-20,0.010642945559573796,0.13640469738030714,0.49983886742037936,0.40703605436489876,0.3145782196096749,0.6282665900192052,0.9030603813252179,0.05223835608823337,0.0004844075559249146,0.33370131035279416,,2019-05-06
312,10,0.013155531121648266,1.1942442986920734e-20,0.010642945559573796,0.13640469738030714,0.49983886742037936,0.40703605436489876,0.3143788634833461,0.6282685679639135,0.9030475561856623,0.05223835608823337,0.0004844075559253193,0.33370131035279416,,2019-05-07
313,10,0.013155531121648266,1.1233398201674453e-20,0.010642945559573796,0.13640469738030714,0.49983886742037936,0.40703605436489876,0.31417963369400637,0.6282704473530508,0.9030592651184083,0.05223835608823337,0.0004844075559255552,0.33370131035279416,,2019-05-08
314,10,0.013155531121648266,1.0566450708249917e-20,0.010642945559573796,0.13640469738030714,0.49983886742037936,0.40703605436489876,0.3139805301615929,0.6282722330973716,0.9030898572768984,0.05223835608823337,0.0004844075559263556,0.33370131035279416,,2019-05-09
315,10,0.013155531121648266,9.939101113074813e-21,0.010642945559573796,0.13640469738030714,0.49983886742037936,0.40703605436489876,0.3137815528060934,0.6282739298629405,0.9030472029874472,0.05223835608823337,0.0004844075559266525,0.33370131035279416,,2019-05-10
316,10,0.013155531121648266,9.348998416166038e-21,0.010642945559573796,0.13640469738030714,0.49983886742037936,0.40703605436489876,0.3135827015475464,0.6282755420833253,0.9030471164567698,0.05223835608823337,0.0004844075559272655,0.33370131035279416,,2019-05-11
317,10,0.013155531121648266,8.79393120072962e-21,0.010642945559573796,0.13640469738030714,0.49983886742037936,0.40703605436489876,0.3133839763060412,0.628277073971181,0.9029643812303654,0.05223835608823337,0.0004844075559267501,0.33370131035279416,,2019-05-12
318,10,0.013155531121648266,8.271819345850285e-21,0.010642945559573796,0.13640469738030714,0.49983886742037936,0.40703605436489876,0.3131853770017175,0.6282785295292579,0.9029992975474824,0.05223835608823337,0.00048440755592684206,0.33370131035279416,,2019-05-13
319,10,0.013155531121648266,7.78070623121387e-21,0.010642945559573796,0.13640469738030714,0.49983886742037936,0.40703605436489876,0.31298690355476577,0.6282799125608598,0.9029695243911381,0.05223835608823337,0.0004844075559270579,0.33370131035279416,,2019-05-14
320,10,0.013155531121648266,7.318751404649701e-21,0.010642945559573796,0.13640469738030714,0.49983886742037936,0.40703605436489876,0.31278855588542703,0.6282812266797824,0.9029487040130895,0.05223835608823337,0.00048440755592696685,0.33370131035279416,,2019-05-15
321,10,0.013155531121648266,6.884223685014441e-21,0.010642945559573796,0.13640469738030714,0.49983886742037936,0.40703605436489876,0.3125903339139928,0.6282824753197559,0.9029758170704402,0.05223835608823337,0.00048440755592701944,0.33370131035279416,,2019-05-16
322,10,0.013155531121648266,6.4754946745704054e-21,0.010642945559573796,0.13640469738030714,0.49983886742037936,0.40703605436489876,0.31239223756080525,0.6282836617434172,0.9030171014801054,0.05223835608823337,0.0004844075559272208,0.33370131035279416,,2019-05-17
323,10,0.013155531121648266,6.091032656545895e-21,0.010642945559573796,0.13640469738030714,0.49983886742037936,0.40703605436489876,0.3121942667462569,0.6282847890508348,0.903019586502269,0.05223835608823337,0.00048440755592729623,0.33370131035279416,,2019-05-18
324,10,0.013155531121648266,5.729396855008588e-21,0.010642945559573796,0.13640469738030714,0.49983886742037936,0.40703605436489876,0.3119964213907907,0.6282858601876093,0.9030101197657012,0.05223835608823337,0.0004844075559272185,0.33370131035279416,,2019-05-19
325,10,0.013155531121648266,5.389232035540797e-21,0.010642945559573796,0.13640469738030714,0.49983886742037936,0.40703605436489876,0.3117987014149002,0.6282868779525702,0.903018762586414,0.05223835608823337,0.0004844075559271732,0.33370131035279416,,2019-05-20
326,10,0.013155531121648266,5.069263426482554e-21,0.010642945559573796,0.13640469738030714,0.49983886742037936,0.40703605436489876,0.3116011067391291,0.6282878450050887,0.9030413438537921,0.05223835608823337,0.00048440755592701944,0.33370131035279416,,2019-05-21
327,10,0.013155531121648266,4.768291941709829e-21,0.010642945559573796,0.13640469738030714,0.49983886742037936,0.40703605436489876,0.3114036372840716,0.6282887638720271,0.9030098590562996,0.05223835608823337,0.0004844075559269624,0.33370131035279416,,2019-05-22
328,10,0.013155531121648266,4.4851896870451855e-21,0.010642945559573796,0.13640469738030714,0.49983886742037936,0.40703605436489876,0.3112062929703723,0.628289636954341,0.903009795184626,0.05223835608823337,0.00048440755592684466,0.33370131035279416,,2019-05-23
329,10,0.013155531121648266,4.218895733461089e-21,0.010642945559573796,0.13640469738030714,0.49983886742037936,0.40703605436489876,0.31100907371872577,0.628290466533353,0.9029487250816574,0.05223835608823337,0.00048440755592694365,0.33370131035279416,,2019-05-24
330,10,0.013155531121648266,3.9684121412359046e-21,0.010642945559573796,0.13640469738030714,0.49983886742037936,0.40703605436489876,0.31081197944987715,0.6282912547767133,0.9029744981794573,0.05223835608823337,0.000484407555926926,0.33370131035279416,,2019-05-25
331,10,0.013155531121648266,3.732800220163057e-21,0.010642945559573796,0.13640469738030714,0.49983886742037936,0.40703605436489876,0.31061501008462167,0.6282920037440646,0.9029525214495604,0.05223835608823337,0.0004844075559268845,0.33370131035279416,,2019-05-26
332,10,0.013155531121648266,3.511177011798449e-21,0.010642945559573796,0.13640469738030714,0.49983886742037936,0.40703605436489876,0.3104181655438048,0.6282927153924227,0.9029371531150971,0.05223835608823337,0.000484407555926902,0.33370131035279416,,2019-05-27
333,10,0.013155531121648266,3.302711980563309e-21,0.010642945559573796,0.13640469738030714,0.49983886742037936,0.40703605436489876,0.31022144574832217,0.6282933915812909,0.9029571663220002,0.05223835608823337,0.00048440755592689194,0.33370131035279416,,2019-05-28
334,10,0.013155531121648266,3.106623901302347e-21,0.010642945559573796,0.13640469738030714,0.49983886742037936,0.40703605436489876,0.3100248506191195,0.6282940340775186,0.9029876399577031,0.05223835608823337,0.0004844075559268533,0.33370131035279416,,2019-05-29
335,10,0.013155531121648266,2.9221779316333017e-21,0.010642945559573796,0.13640469738030714,0.49983886742037936,0.40703605436489876,0.30982838007719266,0.6282946445599179,0.9029894742496487,0.05223835608823337,0.0004844075559268388,0.33370131035279416,,2019-05-30
336,10,0.013155531121648266,2.7486828581164725e-21,0.010642945559573796,0.13640469738030714,0.49983886742037936,0.40703605436489876,0.3096320340435875,0.6282952246236502,0.9029824864815348,0.05223835608823337,0.0004844075559268537,0.33370131035279416,,2019-05-31
337,10,0.013155531121648266,2.5854885059242294e-21,0.010642945559573796,0.13640469738030714,0.49983886742037936,0.40703605436489876,0.3094358124394001,0.6282957757843943,0.9029888660851668,0.05223835608823337,0.00048440755592686245,0.33370131035279416,,2019-06-01
338,10,0.013155531121648266,2.4319833023032025e-21,0.010642945559573796,0.13640469738030714,0.49983886742037936,0.40703605436489876,0.3092397151857763,0.6282962994823071,0.9030055342008398,0.05223835608823337,0.000484407555926892,0.33370131035279416,,2019-06-02
339,10,0.013155531121648266,2.2875919846981994e-21,0.010642945559573796,0.13640469738030714,0.49983886742037936,0.40703605436489876,0.30904374220391206,0.6282967970857863,0.9029822940417399,0.05223835608823337,0.00048440755592690294,0.33370131035279416,,2019-06-03
340,10,0.013155531121648266,2.151773444949016e-21,0.010642945559573796,0.13640469738030714,0.49983886742037936,0.40703605436489876,0.30884789341505325,0.6282972698950462,0.9029822468955622,0.05223835608823337,0.00048440755592692555,0.33370131035279416,,2019-06-04
341,10,0.013155531121648266,2.024018701481246e-21,0.010642945559573796,0.13640469738030714,0.49983886742037936,0.40703605436489876,0.3086521687404956,0.6282977191455148,0.9029371686666302,0.05223835608823337,0.0004844075559269065,0.33370131035279416,,2019-06-05
342,10,0.013155531121648266,1.9038489918918464e-21,0.010642945559573796,0.13640469738030714,0.49983886742037936,0.40703605436489876,0.30845656810158484,0.6282981460110622,0.9029561927970383,0.05223835608823337,0.00048440755592690993,0.33370131035279416,,2019-06-06
343,10,0.013155531121648266,1.7908139787814032e-21,0.010642945559573796,0.13640469738030714,0.49983886742037936,0.40703605436489876,0.30826109141971636,0.6282985516070676,0.9029399709140987,0.05223835608823337,0.0004844075559269179,0.33370131035279416,,2019-06-07
344,10,0.013155531121648266,1.6844900621094344e-21,0.010642945559573796,0.13640469738030714,0.49983886742037936,0.40703605436489876,0.3080657386163355,0.6282989369933343,0.9029286269460102,0.05223835608823337,0.00048440755592691454,0.33370131035279416,,2019-06-08
345,10,0.013155531121648266,1.5844787917482568e-21,0.010642945559573796,0.13640469738030714,0.49983886742037936,0.40703605436489876,0.3078705096129374,0.6282993031768581,0.9029433994759157,0.05223835608823337,0.0004844075559269165,0.33370131035279416,,2019-06-09
346,10,0.013155531121648266,1.4904053742864494e-21,0.010642945559573796,0.13640469738030714,0.49983886742037936,0.40703605436489876,0.30767540433106677,0.6282996511144593,0.9029658932569941,0.05223835608823337,0.0004844075559269239,0.33370131035279416,,2019-06-10
347,10,0.013155531121648266,1.4019172684861372e-21,0.010642945559573796,0.13640469738030714,0.49983886742037936,0.40703605436489876,0.3074804226923183,0.6282999817152821,0.9029672472195425,0.05223835608823337,0.0004844075559269267,0.33370131035279416,,2019-06-11
348,10,0.013155531121648266,1.3186828641305585e-21,0.010642945559573796,0.13640469738030714,0.49983886742037936,0.40703605436489876,0.30728556461833617,0.6283002958431708,0.9029620892748944,0.05223835608823337,0.0004844075559269238,0.33370131035279416,,2019-06-12
349,10,0.013155531121648266,1.2403902393108785e-21,0.010642945559573796,0.13640469738030714,0.49983886742037936,0.40703605436489876,0.3070908300308143,0.6283005943189266,0.9029667983095783,0.05223835608823337,0.00048440755592692213,0.33370131035279416,,2019-06-13
350,10,0.013155531121648266,1.1667459914951698e-21,0.010642945559573796,0.13640469738030714,0.49983886742037936,0.40703605436489876,0.30689621885149615,0.6283008779224524,0.9029791016969585,0.05223835608823337,0.00048440755592691644,0.33370131035279416,,2019-06-14
351,10,0.013155531121648266,1.0974741379989733e-21,0.010642945559573796,0.13640469738030714,0.49983886742037936,0.40703605436489876,0.3067017310021749,0.6283011473947907,0.9029619472275635,0.05223835608823337,0.0004844075559269143,0.33370131035279416,,2019-06-15
352,10,0.013155531121648266,1.0323150817369454e-21,0.010642945559573796,0.13640469738030714,0.49983886742037936,0.40703605436489876,0.3065073664046933,0.62830140344006,0.9029619124271278,0.05223835608823337,0.00048440755592691,0.33370131035279416,,2019-06-16
353,10,0.013155531121648266,9.710246383797274e-22,0.010642945559573796,0.13640469738030714,0.49983886742037936,0.40703605436489876,0.30631312498094343,0.6283016467272944,0.9029286384252043,0.05223835608823337,0.0004844075559269136,0.33370131035279416,,2019-06-17
354,10,0.013155531121648266,9.133731212703017e-22,0.010642945559573796,0.13640469738030714,0.49983886742037936,0.40703605436489876,0.30611900665286707,0.6283018778921917,0.902942680879107,0.05223835608823337,0.00048440755592691297,0.33370131035279416,,2019-06-18
355,10,0.013155531121648266,8.591444806705436e-22,0.010642945559573796,0.13640469738030714,0.49983886742037936,0.40703605436489876,0.30592501134245537,0.628302097538775,0.902930706873541,0.05223835608823337,0.00048440755592691145,0.33370131035279416,,2019-06-19
356,10,0.013155531121648266,8.08135494112288e-22,0.010642945559573796,0.13640469738030714,0.49983886742037936,0.40703605436489876,0.305731138971749,0.6283023062409702,0.9029223334475005,0.05223835608823337,0.0004844075559269121,0.33370131035279416,,2019-06-20
357,10,0.013155531121648266,7.601550048187411e-22,0.010642945559573796,0.13640469738030714,0.49983886742037936,0.40703605436489876,0.30553738946283787,0.6283025045441062,0.9029332376289677,0.05223835608823337,0.0004844075559269117,0.33370131035279416,,2019-06-21
358,10,0.013155531121648266,7.150232053422118e-22,0.010642945559573796,0.13640469738030714,0.49983886742037936,0.40703605436489876,0.3053437627378615,0.6283026929663398,0.9029498411675849,0.05223835608823337,0.0004844075559269103,0.33370131035279416,,2019-06-22
359,10,0.013155531121648266,6.725709637335878e-22,0.010642945559573796,0.13640469738030714,0.49983886742037936,0.40703605436489876,0.3051502587190086,0.6283028720000091,0.9029508405802394,0.05223835608823337,0.00048440755592690977,0.33370131035279416,,2019-06-23
360,10,0.013155531121648266,6.326391897183679e-22,0.010642945559573796,0.13640469738030714,0.49983886742037936,0.40703605436489876,0.3049568773285172,0.6283030421129208,0.9029470332997804,0.05223835608823337,0.0004844075559269103,0.33370131035279416,,2019-06-24
361,10,0.013155531121648266,5.950782385039882e-22,0.010642945559573796,0.13640469738030714,0.49983886742037936,0.40703605436489876,0.3047636184886745,0.6283032037495716,0.9029505092222565,0.05223835608823337,0.00048440755592691064,0.33370131035279416,,2019-06-25
362,10,0.013155531121648266,5.597473499842022e-22,0.010642945559573796,0.13640469738030714,0.49983886742037936,0.40703605436489876,0.30457048212181725,0.6283033573323106,0.9029595908331595,0.05223835608823337,0.0004844075559269117,0.33370131035279416,,2019-06-26
363,10,0.013155531121648266,5.265141212389288e-22,0.010642945559573796,0.13640469738030714,0.49983886742037936,0.40703605436489876,0.3043774681503312,0.6283035032624421,0.9029469284490959,0.05223835608823337,0.0004844075559269121,0.33370131035279416,,2019-06-27
364,10,0.013155531121648266,4.952540103527516e-22,0.010642945559573796,0.13640469738030714,0.49983886742037936,0.40703605436489876,0.3041845764966512,0.6283036419212745,0.9029469027615347,0.05223835608823337,0.0004844075559269129,0.33370131035279416,,2019-06-28
